career,domain,skills,personality,keywords,description
Data Engineer,data_science_ai,"Deep Learning,Technical Communication,Documentation,Algorithms,Analytics,Statistics,Teamwork","high_conscientiousness,moderate_openness,moderate_agreeableness","neural networks,ai,predictions,deep learning,ml,data,python,modeling,machine learning","Works in data analysis, machine learning, artificial intelligence, and analytics field, providing expertise and professional services to clients and organizations."
Ai Developer,data_science_ai,"Analytics,Python,Documentation,Deep Learning,Data,Technical Communication,Teamwork","high_conscientiousness,moderate_openness,moderate_agreeableness","algorithms,neural networks,predictions,analytics,statistics,ai,machine learning,insights,data","Develops and implements solutions in data analysis, machine learning, artificial intelligence, and analytics while maintaining high standards of professional excellence."
Ml Architect,data_science_ai,"Analytics,Problem Solving,Insights,Documentation,Technical Communication,Modeling,Algorithms","high_conscientiousness,moderate_openness,moderate_agreeableness","python,insights,deep learning,neural networks,predictions,machine learning,analytics,statistics,data","Works in data analysis, machine learning, artificial intelligence, and analytics field, providing expertise and professional services to clients and organizations."
Machine Learning Specialist,data_science_ai,"Deep Learning,Python,Machine Learning,Technical Communication,Documentation,Problem Solving,Data","high_openness,high_conscientiousness,moderate_agreeableness","deep learning,insights,algorithms,analytics,data,ai,ml,predictions,statistics","Applies specialized knowledge in data analysis, machine learning, artificial intelligence, and analytics to solve complex problems and drive organizational success."
Analytics Analyst,data_science_ai,"Predictions,Data,Teamwork,Machine Learning,Insights,Documentation,Technical Communication","high_openness,high_conscientiousness,moderate_agreeableness","modeling,neural networks,deep learning,insights,python,ml,algorithms,statistics,machine learning","Develops and implements solutions in data analysis, machine learning, artificial intelligence, and analytics while maintaining high standards of professional excellence."
Statistics Consultant,data_science_ai,"Technical Communication,Insights,Ml,Neural Networks,Problem Solving,Teamwork,Documentation","high_openness,high_conscientiousness,moderate_agreeableness","analytics,algorithms,modeling,data,python,insights,deep learning,ai,predictions","Leads initiatives in data analysis, machine learning, artificial intelligence, and analytics ensuring best practices and continuous improvement in operations."
Deep Learning Manager,data_science_ai,"Modeling,Problem Solving,Analytics,Technical Communication,Data,Documentation,Predictions","high_extraversion,high_conscientiousness,moderate_openness","python,data,predictions,ml,analytics,ai,statistics,insights,modeling","Develops and implements solutions in data analysis, machine learning, artificial intelligence, and analytics while maintaining high standards of professional excellence."
Lead Neural Networks Engineer,data_science_ai,"Teamwork,Neural Networks,Ai,Insights,Technical Communication,Predictions,Statistics","high_conscientiousness,moderate_openness,moderate_agreeableness","ai,predictions,machine learning,neural networks,insights,algorithms,modeling,python,deep learning","Delivers professional services in data analysis, machine learning, artificial intelligence, and analytics with emphasis on quality, efficiency, and client satisfaction."
Senior Algorithms Developer,data_science_ai,"Neural Networks,Documentation,Technical Communication,Deep Learning,Statistics,Problem Solving,Teamwork","high_conscientiousness,moderate_openness,moderate_agreeableness","analytics,predictions,algorithms,ml,python,machine learning,insights,neural networks,statistics","Contributes to data analysis, machine learning, artificial intelligence, and analytics through technical expertise, strategic thinking, and collaborative teamwork."
Python Administrator,data_science_ai,"Technical Communication,Teamwork,Deep Learning,Algorithms,Python,Machine Learning,Documentation","high_conscientiousness,moderate_openness,moderate_agreeableness","predictions,data,machine learning,neural networks,python,statistics,ml,algorithms,analytics","Leads initiatives in data analysis, machine learning, artificial intelligence, and analytics ensuring best practices and continuous improvement in operations."
Modeling Coordinator,data_science_ai,"Machine Learning,Technical Communication,Documentation,Deep Learning,Ai,Problem Solving,Teamwork","high_extraversion,high_conscientiousness,moderate_openness","modeling,insights,analytics,data,statistics,ml,machine learning,predictions,algorithms","Leads initiatives in data analysis, machine learning, artificial intelligence, and analytics ensuring best practices and continuous improvement in operations."
Predictions Technician,data_science_ai,"Deep Learning,Neural Networks,Problem Solving,Algorithms,Teamwork,Technical Communication,Machine Learning","high_conscientiousness,low_neuroticism,moderate_openness","neural networks,algorithms,statistics,predictions,insights,ml,ai,deep learning,analytics","Applies specialized knowledge in data analysis, machine learning, artificial intelligence, and analytics to solve complex problems and drive organizational success."
Principal Insights Engineer,data_science_ai,"Documentation,Technical Communication,Algorithms,Ml,Data,Statistics,Analytics","high_conscientiousness,moderate_openness,moderate_agreeableness","predictions,statistics,python,data,modeling,insights,machine learning,ai,deep learning","Contributes to data analysis, machine learning, artificial intelligence, and analytics through technical expertise, strategic thinking, and collaborative teamwork."
Deep Learning Designer,data_science_ai,"Problem Solving,Ai,Predictions,Modeling,Insights,Machine Learning,Documentation","high_openness,moderate_extraversion,high_conscientiousness","neural networks,insights,statistics,ai,data,python,machine learning,ml,modeling","Delivers professional services in data analysis, machine learning, artificial intelligence, and analytics with emphasis on quality, efficiency, and client satisfaction."
Modeling Engineer,data_science_ai,"Problem Solving,Technical Communication,Documentation,Neural Networks,Teamwork,Ai,Python","high_conscientiousness,moderate_openness,moderate_agreeableness","statistics,data,ai,modeling,analytics,neural networks,insights,deep learning,machine learning","Provides expert-level support in data analysis, machine learning, artificial intelligence, and analytics combining technical skills with strong communication abilities."
Predictions Developer,data_science_ai,"Documentation,Machine Learning,Modeling,Problem Solving,Teamwork,Technical Communication,Insights","high_conscientiousness,moderate_openness,moderate_agreeableness","machine learning,deep learning,modeling,predictions,statistics,ml,data,python,neural networks","Provides expert-level support in data analysis, machine learning, artificial intelligence, and analytics combining technical skills with strong communication abilities."
Algorithms Architect,data_science_ai,"Deep Learning,Neural Networks,Data,Teamwork,Technical Communication,Analytics,Insights","high_conscientiousness,moderate_openness,moderate_agreeableness","analytics,predictions,ai,machine learning,algorithms,modeling,data,neural networks,python","Specializes in data analysis, machine learning, artificial intelligence, and analytics with focus on delivering high-quality results and innovative solutions."
Data Specialist,data_science_ai,"Deep Learning,Modeling,Predictions,Insights,Teamwork,Technical Communication,Problem Solving","high_openness,high_conscientiousness,moderate_agreeableness","analytics,ai,modeling,insights,neural networks,deep learning,data,python,algorithms","Works in data analysis, machine learning, artificial intelligence, and analytics field, providing expertise and professional services to clients and organizations."
Statistics Analyst,data_science_ai,"Ai,Algorithms,Statistics,Problem Solving,Documentation,Teamwork,Insights","high_openness,high_conscientiousness,moderate_agreeableness","algorithms,ai,modeling,predictions,insights,python,analytics,data,neural networks","Works in data analysis, machine learning, artificial intelligence, and analytics field, providing expertise and professional services to clients and organizations."
Ml Consultant,data_science_ai,"Modeling,Data,Ml,Problem Solving,Teamwork,Python,Predictions","high_openness,high_conscientiousness,moderate_agreeableness","data,ml,insights,analytics,statistics,neural networks,algorithms,predictions,python","Specializes in data analysis, machine learning, artificial intelligence, and analytics with focus on delivering high-quality results and innovative solutions."
Software Engineer,software_development,"Documentation,Technical Communication,Javascript,Python,Development,Teamwork,Api","high_conscientiousness,moderate_openness,moderate_agreeableness","mobile,backend,web,development,java,fullstack,app,api,python","Specializes in software engineering, web/mobile development, and programming with focus on delivering high-quality results and innovative solutions."
Programming Developer,software_development,"Problem Solving,App,Technical Communication,Software,Programming,Documentation,Coding","high_conscientiousness,moderate_openness,moderate_agreeableness","fullstack,mobile,javascript,programming,web,app,api,java,frontend","Leads initiatives in software engineering, web/mobile development, and programming ensuring best practices and continuous improvement in operations."
Coding Architect,software_development,"Problem Solving,Software,Teamwork,Backend,Web,Api,Frontend","high_conscientiousness,moderate_openness,moderate_agreeableness","backend,software,web,programming,frontend,app,javascript,development,api","Develops and implements solutions in software engineering, web/mobile development, and programming while maintaining high standards of professional excellence."
Development Specialist,software_development,"Programming,Documentation,App,Frontend,Teamwork,Problem Solving,Development","high_openness,high_conscientiousness,moderate_agreeableness","backend,mobile,api,development,fullstack,programming,coding,python,web","Develops and implements solutions in software engineering, web/mobile development, and programming while maintaining high standards of professional excellence."
Web Analyst,software_development,"Technical Communication,Web,Teamwork,Frontend,Api,Java,Documentation","high_openness,high_conscientiousness,moderate_agreeableness","javascript,programming,software,backend,api,coding,fullstack,development,web","Delivers professional services in software engineering, web/mobile development, and programming with emphasis on quality, efficiency, and client satisfaction."
Mobile Consultant,software_development,"Documentation,Coding,Technical Communication,App,Programming,Software,Teamwork","high_openness,high_conscientiousness,moderate_agreeableness","java,web,frontend,python,fullstack,development,mobile,app,coding","Provides expert-level support in software engineering, web/mobile development, and programming combining technical skills with strong communication abilities."
App Manager,software_development,"Fullstack,Documentation,Technical Communication,Software,Web,App,Teamwork","high_extraversion,high_conscientiousness,moderate_openness","coding,programming,backend,java,software,javascript,mobile,web,app","Contributes to software engineering, web/mobile development, and programming through technical expertise, strategic thinking, and collaborative teamwork."
Lead Javascript Engineer,software_development,"Problem Solving,Programming,Documentation,Teamwork,Technical Communication,Mobile,Software","high_conscientiousness,moderate_openness,moderate_agreeableness","fullstack,app,python,java,coding,frontend,backend,api,development","Works in software engineering, web/mobile development, and programming field, providing expertise and professional services to clients and organizations."
Senior Java Developer,software_development,"Programming,Fullstack,Technical Communication,Mobile,Backend,Problem Solving,Web","high_conscientiousness,moderate_openness,moderate_agreeableness","python,backend,development,api,mobile,software,javascript,coding,frontend","Provides expert-level support in software engineering, web/mobile development, and programming combining technical skills with strong communication abilities."
Python Administrator,software_development,"Problem Solving,Programming,Javascript,Documentation,Software,Web,Coding","high_conscientiousness,moderate_openness,moderate_agreeableness","api,java,javascript,software,backend,mobile,app,frontend,web","Provides expert-level support in software engineering, web/mobile development, and programming combining technical skills with strong communication abilities."
Frontend Coordinator,software_development,"App,Java,Documentation,Problem Solving,Teamwork,Fullstack,Technical Communication","high_extraversion,high_conscientiousness,moderate_openness","java,web,fullstack,app,software,programming,python,frontend,development","Specializes in software engineering, web/mobile development, and programming with focus on delivering high-quality results and innovative solutions."
Backend Technician,software_development,"Technical Communication,Teamwork,Programming,Web,Problem Solving,Documentation,Backend","high_conscientiousness,low_neuroticism,moderate_openness","coding,web,python,java,programming,development,frontend,backend,javascript","Delivers professional services in software engineering, web/mobile development, and programming with emphasis on quality, efficiency, and client satisfaction."
Principal Fullstack Engineer,software_development,"Programming,Problem Solving,Documentation,Backend,Web,Technical Communication,Teamwork","high_conscientiousness,moderate_openness,moderate_agreeableness","backend,software,app,web,javascript,java,programming,mobile,frontend","Specializes in software engineering, web/mobile development, and programming with focus on delivering high-quality results and innovative solutions."
Api Designer,software_development,"Fullstack,Problem Solving,Teamwork,Coding,Technical Communication,Development,Documentation","high_openness,moderate_extraversion,high_conscientiousness","coding,api,mobile,java,app,frontend,backend,development,programming","Develops and implements solutions in software engineering, web/mobile development, and programming while maintaining high standards of professional excellence."
Coding Engineer,software_development,"Javascript,Software,Python,Teamwork,Documentation,Frontend,Mobile","high_conscientiousness,moderate_openness,moderate_agreeableness","java,api,development,programming,web,javascript,backend,frontend,python","Provides expert-level support in software engineering, web/mobile development, and programming combining technical skills with strong communication abilities."
Mobile Developer,software_development,"Software,Teamwork,Coding,Technical Communication,Fullstack,Programming,Problem Solving","high_conscientiousness,moderate_openness,moderate_agreeableness","software,python,development,backend,javascript,fullstack,java,programming,app","Specializes in software engineering, web/mobile development, and programming with focus on delivering high-quality results and innovative solutions."
Api Architect,software_development,"Problem Solving,Technical Communication,Software,Development,Frontend,Documentation,Backend","high_conscientiousness,moderate_openness,moderate_agreeableness","software,backend,javascript,coding,programming,web,java,python,api","Works in software engineering, web/mobile development, and programming field, providing expertise and professional services to clients and organizations."
App Specialist,software_development,"Teamwork,Coding,Technical Communication,Javascript,App,Documentation,Problem Solving","high_openness,high_conscientiousness,moderate_agreeableness","frontend,api,app,javascript,fullstack,software,development,web,programming","Provides expert-level support in software engineering, web/mobile development, and programming combining technical skills with strong communication abilities."
Api Analyst,software_development,"Web,Problem Solving,App,Coding,Teamwork,Documentation,Backend","high_openness,high_conscientiousness,moderate_agreeableness","development,javascript,programming,web,coding,api,app,java,python","Specializes in software engineering, web/mobile development, and programming with focus on delivering high-quality results and innovative solutions."
Development Consultant,software_development,"Problem Solving,Api,Technical Communication,Teamwork,Frontend,Software,Backend","high_openness,high_conscientiousness,moderate_agreeableness","backend,web,software,java,app,api,mobile,python,coding","Works in software engineering, web/mobile development, and programming field, providing expertise and professional services to clients and organizations."
Security Engineer,cybersecurity_it,"Network,Security,Documentation,Vulnerability,Firewall,Technical Communication,Encryption","high_conscientiousness,moderate_openness,moderate_agreeableness","penetration testing,vulnerability,security,cisco,encryption,it support,firewall,infrastructure,helpdesk","Delivers professional services in information security, network administration, it support, and cyber defense with emphasis on quality, efficiency, and client satisfaction."
Cybersecurity Developer,cybersecurity_it,"Cybersecurity,Cisco,Technical Communication,Firewall,Network,Problem Solving,Teamwork","high_conscientiousness,moderate_openness,moderate_agreeableness","cybersecurity,helpdesk,firewall,systems,infrastructure,vulnerability,penetration testing,it support,cisco","Specializes in information security, network administration, it support, and cyber defense with focus on delivering high-quality results and innovative solutions."
Network Architect,cybersecurity_it,"Cisco,Teamwork,Penetration Testing,Problem Solving,It Support,Technical Communication,Systems","high_conscientiousness,moderate_openness,moderate_agreeableness","security,infrastructure,it support,cybersecurity,firewall,cisco,network,systems,vulnerability","Provides expert-level support in information security, network administration, it support, and cyber defense combining technical skills with strong communication abilities."
It Support Specialist,cybersecurity_it,"Encryption,Cisco,Firewall,Problem Solving,Technical Communication,Teamwork,Vulnerability","high_openness,high_conscientiousness,moderate_agreeableness","infrastructure,security,it support,network,systems,cisco,firewall,vulnerability,helpdesk","Works in information security, network administration, it support, and cyber defense field, providing expertise and professional services to clients and organizations."
Firewall Analyst,cybersecurity_it,"Encryption,Infrastructure,Firewall,Problem Solving,Documentation,Teamwork,Security","high_openness,high_conscientiousness,moderate_agreeableness","helpdesk,it support,vulnerability,network,encryption,systems,firewall,security,cybersecurity","Specializes in information security, network administration, it support, and cyber defense with focus on delivering high-quality results and innovative solutions."
Penetration Testing Consultant,cybersecurity_it,"Problem Solving,Systems,Technical Communication,Security,Firewall,Cybersecurity,Helpdesk","high_openness,high_conscientiousness,moderate_agreeableness","security,cisco,systems,firewall,helpdesk,network,encryption,it support,cybersecurity","Provides expert-level support in information security, network administration, it support, and cyber defense combining technical skills with strong communication abilities."
Vulnerability Manager,cybersecurity_it,"Helpdesk,Vulnerability,Cybersecurity,Problem Solving,Penetration Testing,Documentation,Firewall","high_extraversion,high_conscientiousness,moderate_openness","penetration testing,cisco,it support,helpdesk,vulnerability,firewall,encryption,systems,security","Works in information security, network administration, it support, and cyber defense field, providing expertise and professional services to clients and organizations."
Lead Encryption Engineer,cybersecurity_it,"Helpdesk,It Support,Security,Firewall,Documentation,Technical Communication,Teamwork","high_conscientiousness,moderate_openness,moderate_agreeableness","cybersecurity,firewall,systems,penetration testing,cisco,infrastructure,security,vulnerability,encryption","Provides expert-level support in information security, network administration, it support, and cyber defense combining technical skills with strong communication abilities."
Senior Infrastructure Developer,cybersecurity_it,"Teamwork,Technical Communication,Documentation,Network,Vulnerability,Problem Solving,Cybersecurity","high_conscientiousness,moderate_openness,moderate_agreeableness","vulnerability,it support,helpdesk,firewall,encryption,cybersecurity,security,penetration testing,infrastructure","Works in information security, network administration, it support, and cyber defense field, providing expertise and professional services to clients and organizations."
Systems Administrator,cybersecurity_it,"Cisco,Helpdesk,Teamwork,Cybersecurity,Technical Communication,Network,Problem Solving","high_conscientiousness,moderate_openness,moderate_agreeableness","vulnerability,penetration testing,helpdesk,infrastructure,network,cisco,firewall,it support,cybersecurity","Provides expert-level support in information security, network administration, it support, and cyber defense combining technical skills with strong communication abilities."
Helpdesk Coordinator,cybersecurity_it,"Cybersecurity,Teamwork,Encryption,Problem Solving,Technical Communication,Documentation,Security","high_extraversion,high_conscientiousness,moderate_openness","penetration testing,infrastructure,firewall,cybersecurity,network,encryption,cisco,vulnerability,security","Delivers professional services in information security, network administration, it support, and cyber defense with emphasis on quality, efficiency, and client satisfaction."
Cisco Technician,cybersecurity_it,"Encryption,Firewall,Technical Communication,Penetration Testing,Vulnerability,Teamwork,Cybersecurity","high_conscientiousness,low_neuroticism,moderate_openness","cisco,systems,network,vulnerability,encryption,infrastructure,firewall,cybersecurity,security","Contributes to information security, network administration, it support, and cyber defense through technical expertise, strategic thinking, and collaborative teamwork."
Principal It Support Engineer,cybersecurity_it,"Vulnerability,Documentation,Helpdesk,Infrastructure,It Support,Technical Communication,Cisco","high_conscientiousness,moderate_openness,moderate_agreeableness","infrastructure,systems,cybersecurity,helpdesk,encryption,network,security,firewall,it support","Works in information security, network administration, it support, and cyber defense field, providing expertise and professional services to clients and organizations."
Network Designer,cybersecurity_it,"Problem Solving,Encryption,Infrastructure,Cisco,Cybersecurity,Teamwork,Security","high_openness,moderate_extraversion,high_conscientiousness","it support,vulnerability,security,firewall,helpdesk,penetration testing,cybersecurity,encryption,cisco","Develops and implements solutions in information security, network administration, it support, and cyber defense while maintaining high standards of professional excellence."
Firewall Engineer,cybersecurity_it,"Infrastructure,Teamwork,Cybersecurity,Security,Penetration Testing,Technical Communication,Firewall","high_conscientiousness,moderate_openness,moderate_agreeableness","encryption,security,firewall,cybersecurity,network,penetration testing,systems,vulnerability,cisco","Leads initiatives in information security, network administration, it support, and cyber defense ensuring best practices and continuous improvement in operations."
It Support Developer,cybersecurity_it,"Network,Teamwork,Systems,Cybersecurity,Problem Solving,Penetration Testing,Technical Communication","high_conscientiousness,moderate_openness,moderate_agreeableness","security,it support,encryption,vulnerability,helpdesk,penetration testing,systems,infrastructure,cybersecurity","Delivers professional services in information security, network administration, it support, and cyber defense with emphasis on quality, efficiency, and client satisfaction."
Vulnerability Architect,cybersecurity_it,"Penetration Testing,Firewall,Helpdesk,Documentation,Technical Communication,Teamwork,Problem Solving","high_conscientiousness,moderate_openness,moderate_agreeableness","penetration testing,cisco,it support,vulnerability,firewall,infrastructure,security,helpdesk,cybersecurity","Works in information security, network administration, it support, and cyber defense field, providing expertise and professional services to clients and organizations."
Vulnerability Specialist,cybersecurity_it,"Security,Documentation,Penetration Testing,Teamwork,Technical Communication,Cybersecurity,Cisco","high_openness,high_conscientiousness,moderate_agreeableness","penetration testing,vulnerability,encryption,firewall,it support,security,network,cisco,cybersecurity","Specializes in information security, network administration, it support, and cyber defense with focus on delivering high-quality results and innovative solutions."
Cloud Engineer,cloud_devops,"Azure,Devops,Problem Solving,Terraform,Teamwork,Sre,Cloud","high_conscientiousness,moderate_openness,moderate_agreeableness","ci/cd,terraform,jenkins,cloud,infrastructure,deployment,devops,azure,kubernetes","Specializes in cloud computing, devops, infrastructure automation, and site reliability with focus on delivering high-quality results and innovative solutions."
Aws Developer,cloud_devops,"Teamwork,Monitoring,Technical Communication,Deployment,Cloud,Aws,Documentation","high_conscientiousness,moderate_openness,moderate_agreeableness","automation,devops,terraform,kubernetes,deployment,infrastructure,azure,cloud,monitoring","Delivers professional services in cloud computing, devops, infrastructure automation, and site reliability with emphasis on quality, efficiency, and client satisfaction."
Azure Architect,cloud_devops,"Infrastructure,Terraform,Technical Communication,Problem Solving,Monitoring,Teamwork,Sre","high_conscientiousness,moderate_openness,moderate_agreeableness","terraform,monitoring,kubernetes,deployment,azure,jenkins,sre,ci/cd,infrastructure","Develops and implements solutions in cloud computing, devops, infrastructure automation, and site reliability while maintaining high standards of professional excellence."
Devops Specialist,cloud_devops,"Sre,Technical Communication,Automation,Teamwork,Problem Solving,Documentation,Docker","high_openness,high_conscientiousness,moderate_agreeableness","azure,docker,automation,devops,ci/cd,deployment,kubernetes,cloud,monitoring","Delivers professional services in cloud computing, devops, infrastructure automation, and site reliability with emphasis on quality, efficiency, and client satisfaction."
Kubernetes Analyst,cloud_devops,"Teamwork,Sre,Devops,Problem Solving,Docker,Documentation,Azure","high_openness,high_conscientiousness,moderate_agreeableness","aws,automation,monitoring,infrastructure,docker,devops,jenkins,deployment,ci/cd","Specializes in cloud computing, devops, infrastructure automation, and site reliability with focus on delivering high-quality results and innovative solutions."
Docker Consultant,cloud_devops,"Ci/Cd,Jenkins,Technical Communication,Azure,Monitoring,Teamwork,Documentation","high_openness,high_conscientiousness,moderate_agreeableness","devops,sre,monitoring,aws,deployment,automation,jenkins,kubernetes,infrastructure","Applies specialized knowledge in cloud computing, devops, infrastructure automation, and site reliability to solve complex problems and drive organizational success."
Automation Manager,cloud_devops,"Docker,Jenkins,Problem Solving,Teamwork,Documentation,Cloud,Terraform","high_extraversion,high_conscientiousness,moderate_openness","infrastructure,terraform,ci/cd,jenkins,docker,aws,cloud,azure,deployment","Works in cloud computing, devops, infrastructure automation, and site reliability field, providing expertise and professional services to clients and organizations."
Lead Ci/Cd Engineer,cloud_devops,"Sre,Teamwork,Ci/Cd,Devops,Technical Communication,Terraform,Infrastructure","high_conscientiousness,moderate_openness,moderate_agreeableness","monitoring,docker,devops,jenkins,infrastructure,deployment,cloud,automation,ci/cd","Works in cloud computing, devops, infrastructure automation, and site reliability field, providing expertise and professional services to clients and organizations."
Senior Infrastructure Developer,cloud_devops,"Technical Communication,Azure,Kubernetes,Problem Solving,Jenkins,Deployment,Documentation","high_conscientiousness,moderate_openness,moderate_agreeableness","azure,monitoring,docker,infrastructure,aws,ci/cd,terraform,automation,deployment","Applies specialized knowledge in cloud computing, devops, infrastructure automation, and site reliability to solve complex problems and drive organizational success."
Terraform Administrator,cloud_devops,"Technical Communication,Docker,Automation,Teamwork,Documentation,Ci/Cd,Cloud","high_conscientiousness,moderate_openness,moderate_agreeableness","azure,infrastructure,sre,monitoring,terraform,aws,automation,devops,ci/cd","Develops and implements solutions in cloud computing, devops, infrastructure automation, and site reliability while maintaining high standards of professional excellence."
Jenkins Coordinator,cloud_devops,"Infrastructure,Monitoring,Jenkins,Aws,Technical Communication,Ci/Cd,Documentation","high_extraversion,high_conscientiousness,moderate_openness","ci/cd,aws,monitoring,azure,sre,cloud,automation,docker,jenkins","Develops and implements solutions in cloud computing, devops, infrastructure automation, and site reliability while maintaining high standards of professional excellence."
Monitoring Technician,cloud_devops,"Problem Solving,Technical Communication,Deployment,Documentation,Azure,Jenkins,Teamwork","high_conscientiousness,low_neuroticism,moderate_openness","azure,deployment,devops,monitoring,docker,automation,sre,terraform,jenkins","Applies specialized knowledge in cloud computing, devops, infrastructure automation, and site reliability to solve complex problems and drive organizational success."
Principal Sre Engineer,cloud_devops,"Automation,Azure,Cloud,Technical Communication,Documentation,Problem Solving,Kubernetes","high_conscientiousness,moderate_openness,moderate_agreeableness","monitoring,devops,terraform,ci/cd,automation,infrastructure,deployment,jenkins,sre","Provides expert-level support in cloud computing, devops, infrastructure automation, and site reliability combining technical skills with strong communication abilities."
Deployment Designer,cloud_devops,"Kubernetes,Devops,Problem Solving,Azure,Aws,Documentation,Terraform","high_openness,moderate_extraversion,high_conscientiousness","monitoring,infrastructure,ci/cd,azure,kubernetes,devops,automation,jenkins,docker","Develops and implements solutions in cloud computing, devops, infrastructure automation, and site reliability while maintaining high standards of professional excellence."
Monitoring Engineer,cloud_devops,"Problem Solving,Kubernetes,Azure,Documentation,Teamwork,Terraform,Technical Communication","high_conscientiousness,moderate_openness,moderate_agreeableness","devops,ci/cd,deployment,kubernetes,monitoring,automation,sre,infrastructure,aws","Develops and implements solutions in cloud computing, devops, infrastructure automation, and site reliability while maintaining high standards of professional excellence."
Hardware Engineer,hardware_electronics,"Firmware,Problem Solving,Documentation,Electronics,Technical Communication,Raspberry Pi,Circuit","high_conscientiousness,moderate_openness,moderate_agreeableness","pcb,embedded,sensors,iot,robotics,arduino,fpga,electronics,circuit","Specializes in hardware engineering, embedded systems, iot, and electronics design with focus on delivering high-quality results and innovative solutions."
Electronics Developer,hardware_electronics,"Technical Communication,Documentation,Pcb,Circuit,Firmware,Teamwork,Problem Solving","high_conscientiousness,moderate_openness,moderate_agreeableness","iot,pcb,circuit,raspberry pi,robotics,embedded,sensors,microcontroller,fpga","Develops and implements solutions in hardware engineering, embedded systems, iot, and electronics design while maintaining high standards of professional excellence."
Embedded Architect,hardware_electronics,"Teamwork,Fpga,Iot,Firmware,Technical Communication,Robotics,Documentation","high_conscientiousness,moderate_openness,moderate_agreeableness","iot,arduino,robotics,circuit,sensors,pcb,fpga,electronics,microcontroller","Specializes in hardware engineering, embedded systems, iot, and electronics design with focus on delivering high-quality results and innovative solutions."
Iot Specialist,hardware_electronics,"Hardware,Microcontroller,Pcb,Problem Solving,Teamwork,Robotics,Embedded","high_openness,high_conscientiousness,moderate_agreeableness","fpga,electronics,iot,firmware,microcontroller,arduino,circuit,hardware,raspberry pi","Leads initiatives in hardware engineering, embedded systems, iot, and electronics design ensuring best practices and continuous improvement in operations."
Microcontroller Analyst,hardware_electronics,"Pcb,Arduino,Documentation,Microcontroller,Hardware,Fpga,Problem Solving","high_openness,high_conscientiousness,moderate_agreeableness","electronics,circuit,fpga,hardware,raspberry pi,pcb,arduino,sensors,firmware","Provides expert-level support in hardware engineering, embedded systems, iot, and electronics design combining technical skills with strong communication abilities."
Circuit Consultant,hardware_electronics,"Hardware,Robotics,Teamwork,Iot,Pcb,Documentation,Firmware","high_openness,high_conscientiousness,moderate_agreeableness","fpga,iot,firmware,circuit,microcontroller,electronics,pcb,sensors,hardware","Applies specialized knowledge in hardware engineering, embedded systems, iot, and electronics design to solve complex problems and drive organizational success."
Pcb Manager,hardware_electronics,"Sensors,Iot,Teamwork,Documentation,Microcontroller,Embedded,Problem Solving","high_extraversion,high_conscientiousness,moderate_openness","embedded,fpga,sensors,iot,arduino,microcontroller,firmware,electronics,pcb","Applies specialized knowledge in hardware engineering, embedded systems, iot, and electronics design to solve complex problems and drive organizational success."
Lead Firmware Engineer,hardware_electronics,"Fpga,Problem Solving,Iot,Teamwork,Circuit,Firmware,Documentation","high_conscientiousness,moderate_openness,moderate_agreeableness","circuit,firmware,arduino,embedded,iot,microcontroller,raspberry pi,electronics,sensors","Applies specialized knowledge in hardware engineering, embedded systems, iot, and electronics design to solve complex problems and drive organizational success."
Senior Fpga Developer,hardware_electronics,"Sensors,Documentation,Raspberry Pi,Technical Communication,Teamwork,Electronics,Iot","high_conscientiousness,moderate_openness,moderate_agreeableness","fpga,arduino,robotics,embedded,electronics,iot,pcb,raspberry pi,circuit","Delivers professional services in hardware engineering, embedded systems, iot, and electronics design with emphasis on quality, efficiency, and client satisfaction."
Arduino Administrator,hardware_electronics,"Documentation,Teamwork,Fpga,Pcb,Technical Communication,Sensors,Embedded","high_conscientiousness,moderate_openness,moderate_agreeableness","firmware,microcontroller,pcb,iot,raspberry pi,sensors,circuit,embedded,hardware","Specializes in hardware engineering, embedded systems, iot, and electronics design with focus on delivering high-quality results and innovative solutions."
Raspberry Pi Coordinator,hardware_electronics,"Technical Communication,Sensors,Teamwork,Raspberry Pi,Circuit,Arduino,Problem Solving","high_extraversion,high_conscientiousness,moderate_openness","pcb,circuit,robotics,electronics,hardware,microcontroller,embedded,sensors,arduino","Develops and implements solutions in hardware engineering, embedded systems, iot, and electronics design while maintaining high standards of professional excellence."
Robotics Technician,hardware_electronics,"Technical Communication,Circuit,Microcontroller,Documentation,Teamwork,Raspberry Pi,Firmware","high_conscientiousness,low_neuroticism,moderate_openness","arduino,pcb,electronics,raspberry pi,microcontroller,circuit,embedded,hardware,fpga","Leads initiatives in hardware engineering, embedded systems, iot, and electronics design ensuring best practices and continuous improvement in operations."
Principal Sensors Engineer,hardware_electronics,"Technical Communication,Microcontroller,Iot,Documentation,Firmware,Problem Solving,Embedded","high_conscientiousness,moderate_openness,moderate_agreeableness","embedded,circuit,firmware,hardware,fpga,microcontroller,raspberry pi,iot,robotics","Works in hardware engineering, embedded systems, iot, and electronics design field, providing expertise and professional services to clients and organizations."
Sensors Designer,hardware_electronics,"Embedded,Raspberry Pi,Problem Solving,Documentation,Teamwork,Technical Communication,Electronics","high_openness,moderate_extraversion,high_conscientiousness","pcb,firmware,fpga,arduino,microcontroller,circuit,robotics,embedded,electronics","Delivers professional services in hardware engineering, embedded systems, iot, and electronics design with emphasis on quality, efficiency, and client satisfaction."
Fpga Engineer,hardware_electronics,"Documentation,Embedded,Arduino,Sensors,Problem Solving,Firmware,Hardware","high_conscientiousness,moderate_openness,moderate_agreeableness","embedded,circuit,fpga,electronics,pcb,firmware,microcontroller,raspberry pi,arduino","Develops and implements solutions in hardware engineering, embedded systems, iot, and electronics design while maintaining high standards of professional excellence."
Game Engineer,gaming_xr,"Technical Communication,Ar,Unreal,Problem Solving,Documentation,Teamwork,Gaming","high_conscientiousness,moderate_openness,moderate_agreeableness","gameplay,virtual reality,graphics,augmented reality,ar,metaverse,game design,unity,vr","Provides expert-level support in game development, vr/ar, metaverse, and interactive entertainment combining technical skills with strong communication abilities."
Gaming Developer,gaming_xr,"Game Design,Technical Communication,Teamwork,Documentation,Unity,Graphics,Ar","high_conscientiousness,moderate_openness,moderate_agreeableness","gameplay,gaming,ar,animation,vr,game design,unity,metaverse,game","Specializes in game development, vr/ar, metaverse, and interactive entertainment with focus on delivering high-quality results and innovative solutions."
Unity Architect,gaming_xr,"3D,Documentation,Game,Unity,Technical Communication,Teamwork,Augmented Reality","high_conscientiousness,moderate_openness,moderate_agreeableness","virtual reality,ar,unity,animation,game,gameplay,graphics,vr,metaverse","Provides expert-level support in game development, vr/ar, metaverse, and interactive entertainment combining technical skills with strong communication abilities."
Unreal Specialist,gaming_xr,"Vr,Unity,3D,Augmented Reality,Problem Solving,Technical Communication,Teamwork","high_openness,high_conscientiousness,moderate_agreeableness","ar,graphics,game design,gaming,unity,gameplay,game,metaverse,animation","Develops and implements solutions in game development, vr/ar, metaverse, and interactive entertainment while maintaining high standards of professional excellence."
Vr Analyst,gaming_xr,"Teamwork,3D,Gameplay,Documentation,Ar,Technical Communication,Virtual Reality","high_openness,high_conscientiousness,moderate_agreeableness","gameplay,game design,animation,vr,graphics,virtual reality,unreal,gaming,game","Leads initiatives in game development, vr/ar, metaverse, and interactive entertainment ensuring best practices and continuous improvement in operations."
Ar Consultant,gaming_xr,"Teamwork,Problem Solving,Animation,Metaverse,Documentation,Unreal,Gameplay","high_openness,high_conscientiousness,moderate_agreeableness","virtual reality,gameplay,game design,vr,unity,game,animation,3d,gaming","Develops and implements solutions in game development, vr/ar, metaverse, and interactive entertainment while maintaining high standards of professional excellence."
Metaverse Manager,gaming_xr,"Documentation,Teamwork,Game,Unreal,Technical Communication,Graphics,Game Design","high_extraversion,high_conscientiousness,moderate_openness","graphics,gameplay,unity,game design,3d,unreal,metaverse,augmented reality,virtual reality","Delivers professional services in game development, vr/ar, metaverse, and interactive entertainment with emphasis on quality, efficiency, and client satisfaction."
Lead 3D Engineer,gaming_xr,"Graphics,Augmented Reality,Teamwork,Animation,Ar,Game Design,Technical Communication","high_conscientiousness,moderate_openness,moderate_agreeableness","unreal,ar,game,vr,graphics,animation,unity,gaming,augmented reality","Contributes to game development, vr/ar, metaverse, and interactive entertainment through technical expertise, strategic thinking, and collaborative teamwork."
Senior Graphics Developer,gaming_xr,"Unity,Gameplay,Unreal,Virtual Reality,Documentation,Technical Communication,Problem Solving","high_conscientiousness,moderate_openness,moderate_agreeableness","vr,graphics,metaverse,game,animation,3d,ar,game design,unity","Works in game development, vr/ar, metaverse, and interactive entertainment field, providing expertise and professional services to clients and organizations."
Animation Administrator,gaming_xr,"Problem Solving,Gaming,Technical Communication,Unreal,Augmented Reality,Documentation,Ar","high_conscientiousness,moderate_openness,moderate_agreeableness","vr,gaming,unity,gameplay,game,virtual reality,ar,metaverse,game design","Works in game development, vr/ar, metaverse, and interactive entertainment field, providing expertise and professional services to clients and organizations."
Gameplay Coordinator,gaming_xr,"Problem Solving,Virtual Reality,Teamwork,Vr,Technical Communication,Documentation,Graphics","high_extraversion,high_conscientiousness,moderate_openness","graphics,gameplay,vr,game design,augmented reality,animation,unreal,3d,game","Provides expert-level support in game development, vr/ar, metaverse, and interactive entertainment combining technical skills with strong communication abilities."
Virtual Reality Technician,gaming_xr,"Vr,Technical Communication,Problem Solving,Graphics,Game,Ar,Documentation","high_conscientiousness,low_neuroticism,moderate_openness","graphics,metaverse,unreal,game design,gameplay,augmented reality,3d,animation,unity","Develops and implements solutions in game development, vr/ar, metaverse, and interactive entertainment while maintaining high standards of professional excellence."
Principal Augmented Reality Engineer,gaming_xr,"Problem Solving,Gaming,Technical Communication,Graphics,Vr,Teamwork,Documentation","high_conscientiousness,moderate_openness,moderate_agreeableness","graphics,metaverse,gaming,game design,game,unity,vr,virtual reality,gameplay","Delivers professional services in game development, vr/ar, metaverse, and interactive entertainment with emphasis on quality, efficiency, and client satisfaction."
Game Design Designer,gaming_xr,"Vr,Virtual Reality,Animation,Teamwork,Technical Communication,3D,Problem Solving","high_openness,moderate_extraversion,high_conscientiousness","ar,game design,gameplay,game,unity,animation,vr,augmented reality,unreal","Leads initiatives in game development, vr/ar, metaverse, and interactive entertainment ensuring best practices and continuous improvement in operations."
Animation Engineer,gaming_xr,"Unreal,Problem Solving,Technical Communication,Animation,Metaverse,Gameplay,Teamwork","high_conscientiousness,moderate_openness,moderate_agreeableness","virtual reality,unity,ar,3d,unreal,game,graphics,game design,metaverse","Leads initiatives in game development, vr/ar, metaverse, and interactive entertainment ensuring best practices and continuous improvement in operations."
Telecom Engineer,telecommunications,"Mobile Networks,Telecommunications,Radio,Rf,Documentation,5G,Problem Solving","high_conscientiousness,moderate_openness,moderate_agreeableness","communication,signal processing,5g,telecommunications,wireless,network,rf,fiber optic,satellite","Develops and implements solutions in telecom networks, wireless systems, 5g, and communication infrastructure while maintaining high standards of professional excellence."
Telecommunications Developer,telecommunications,"Teamwork,Documentation,Wireless,Fiber Optic,Satellite,Technical Communication,Problem Solving","high_conscientiousness,moderate_openness,moderate_agreeableness","radio,satellite,mobile networks,rf,signal processing,fiber optic,network,telecommunications,wireless","Specializes in telecom networks, wireless systems, 5g, and communication infrastructure with focus on delivering high-quality results and innovative solutions."
5G Architect,telecommunications,"Rf,Documentation,Communication,Technical Communication,Radio,Problem Solving,Mobile Networks","high_conscientiousness,moderate_openness,moderate_agreeableness","fiber optic,communication,telecom,mobile networks,satellite,wireless,rf,signal processing,radio","Delivers professional services in telecom networks, wireless systems, 5g, and communication infrastructure with emphasis on quality, efficiency, and client satisfaction."
Wireless Specialist,telecommunications,"Fiber Optic,Technical Communication,Network,Problem Solving,Signal Processing,Telecommunications,Documentation","high_openness,high_conscientiousness,moderate_agreeableness","telecom,network,rf,fiber optic,satellite,5g,mobile networks,communication,signal processing","Specializes in telecom networks, wireless systems, 5g, and communication infrastructure with focus on delivering high-quality results and innovative solutions."
Network Analyst,telecommunications,"Technical Communication,Wireless,Problem Solving,Teamwork,Rf,Documentation,Network","high_openness,high_conscientiousness,moderate_agreeableness","rf,mobile networks,telecommunications,5g,wireless,signal processing,radio,network,telecom","Provides expert-level support in telecom networks, wireless systems, 5g, and communication infrastructure combining technical skills with strong communication abilities."
Radio Consultant,telecommunications,"Technical Communication,Telecom,Documentation,Problem Solving,Telecommunications,5G,Teamwork","high_openness,high_conscientiousness,moderate_agreeableness","signal processing,wireless,5g,radio,mobile networks,fiber optic,network,satellite,telecommunications","Contributes to telecom networks, wireless systems, 5g, and communication infrastructure through technical expertise, strategic thinking, and collaborative teamwork."
Satellite Manager,telecommunications,"Telecom,Rf,Technical Communication,Teamwork,Telecommunications,Communication,Signal Processing","high_extraversion,high_conscientiousness,moderate_openness","fiber optic,satellite,telecommunications,signal processing,telecom,network,radio,communication,wireless","Delivers professional services in telecom networks, wireless systems, 5g, and communication infrastructure with emphasis on quality, efficiency, and client satisfaction."
Lead Fiber Optic Engineer,telecommunications,"Rf,Satellite,Documentation,Teamwork,Problem Solving,Network,Fiber Optic","high_conscientiousness,moderate_openness,moderate_agreeableness","rf,network,5g,communication,signal processing,telecom,radio,wireless,fiber optic","Applies specialized knowledge in telecom networks, wireless systems, 5g, and communication infrastructure to solve complex problems and drive organizational success."
Senior Mobile Networks Developer,telecommunications,"Teamwork,Network,Wireless,Technical Communication,5G,Problem Solving,Signal Processing","high_conscientiousness,moderate_openness,moderate_agreeableness","5g,signal processing,telecom,fiber optic,mobile networks,telecommunications,network,satellite,wireless","Contributes to telecom networks, wireless systems, 5g, and communication infrastructure through technical expertise, strategic thinking, and collaborative teamwork."
Communication Administrator,telecommunications,"Network,Wireless,Technical Communication,Signal Processing,Telecommunications,Problem Solving,Fiber Optic","high_conscientiousness,moderate_openness,moderate_agreeableness","mobile networks,wireless,communication,radio,satellite,fiber optic,network,telecom,5g","Provides expert-level support in telecom networks, wireless systems, 5g, and communication infrastructure combining technical skills with strong communication abilities."
Signal Processing Coordinator,telecommunications,"Signal Processing,Documentation,5G,Rf,Technical Communication,Fiber Optic,Network","high_extraversion,high_conscientiousness,moderate_openness","communication,wireless,signal processing,mobile networks,telecom,satellite,5g,network,telecommunications","Contributes to telecom networks, wireless systems, 5g, and communication infrastructure through technical expertise, strategic thinking, and collaborative teamwork."
Rf Technician,telecommunications,"Radio,Telecommunications,Technical Communication,Network,Mobile Networks,Satellite,Problem Solving","high_conscientiousness,low_neuroticism,moderate_openness","rf,wireless,5g,radio,mobile networks,fiber optic,telecommunications,network,communication","Leads initiatives in telecom networks, wireless systems, 5g, and communication infrastructure ensuring best practices and continuous improvement in operations."
Medical Physician,medical_clinical,"Communication,Emergency,Medical,Clinical,Empathy,Physician,Patient Care","high_agreeableness,high_conscientiousness,moderate_openness","diagnosis,doctor,surgeon,healthcare,medical,patient care,hospital,emergency,physician","Delivers professional services in physicians, surgeons, nurses, and direct patient care professionals with emphasis on quality, efficiency, and client satisfaction."
Doctor Nurse,medical_clinical,"Patient Care,Diagnosis,Physician,Treatment,Empathy,Nurse,Medical Knowledge","high_agreeableness,high_conscientiousness,moderate_openness","patient care,surgeon,medical,emergency,diagnosis,doctor,hospital,medicine,treatment","Develops and implements solutions in physicians, surgeons, nurses, and direct patient care professionals while maintaining high standards of professional excellence."
Physician Therapist,medical_clinical,"Physician,Communication,Empathy,Patient Care,Medical Knowledge,Healthcare,Patient Care","high_agreeableness,high_conscientiousness,moderate_openness","medical,treatment,hospital,surgeon,healthcare,medicine,nurse,clinical,physician","Delivers professional services in physicians, surgeons, nurses, and direct patient care professionals with emphasis on quality, efficiency, and client satisfaction."
Surgeon Specialist,medical_clinical,"Medical,Hospital,Emergency,Healthcare,Medical Knowledge,Communication,Empathy","high_openness,high_conscientiousness,high_agreeableness","emergency,treatment,clinical,nurse,hospital,healthcare,medicine,diagnosis,physician","Specializes in physicians, surgeons, nurses, and direct patient care professionals with focus on delivering high-quality results and innovative solutions."
Nurse Technician,medical_clinical,"Medical Knowledge,Patient Care,Surgeon,Clinical,Communication,Empathy,Medical","high_agreeableness,high_conscientiousness,moderate_openness","diagnosis,nurse,healthcare,treatment,clinical,hospital,surgeon,physician,medicine","Works in physicians, surgeons, nurses, and direct patient care professionals field, providing expertise and professional services to clients and organizations."
Clinical Coordinator,medical_clinical,"Empathy,Diagnosis,Medicine,Medical Knowledge,Medical,Patient Care,Healthcare","high_extraversion,high_conscientiousness,high_agreeableness","medicine,emergency,doctor,surgeon,physician,diagnosis,hospital,treatment,medical","Develops and implements solutions in physicians, surgeons, nurses, and direct patient care professionals while maintaining high standards of professional excellence."
Patient Care Assistant,medical_clinical,"Patient Care,Surgeon,Empathy,Medical Knowledge,Physician,Diagnosis,Patient Care","high_agreeableness,high_conscientiousness,moderate_openness","medical,nurse,clinical,physician,hospital,emergency,doctor,surgeon,healthcare","Specializes in physicians, surgeons, nurses, and direct patient care professionals with focus on delivering high-quality results and innovative solutions."
Hospital Practitioner,medical_clinical,"Empathy,Patient Care,Medical Knowledge,Diagnosis,Communication,Patient Care,Healthcare","high_agreeableness,high_conscientiousness,moderate_openness","healthcare,medicine,diagnosis,doctor,hospital,treatment,emergency,patient care,nurse","Contributes to physicians, surgeons, nurses, and direct patient care professionals through technical expertise, strategic thinking, and collaborative teamwork."
Lead Medicine Nurse,medical_clinical,"Nurse,Treatment,Communication,Patient Care,Physician,Medical Knowledge,Diagnosis","high_agreeableness,high_conscientiousness,moderate_openness","emergency,physician,surgeon,hospital,healthcare,nurse,treatment,diagnosis,clinical","Develops and implements solutions in physicians, surgeons, nurses, and direct patient care professionals while maintaining high standards of professional excellence."
Diagnosis Manager,medical_clinical,"Patient Care,Clinical,Medical,Communication,Empathy,Patient Care,Medical Knowledge","high_extraversion,high_conscientiousness,high_agreeableness","doctor,surgeon,clinical,medicine,treatment,emergency,hospital,physician,nurse","Works in physicians, surgeons, nurses, and direct patient care professionals field, providing expertise and professional services to clients and organizations."
Treatment Consultant,medical_clinical,"Emergency,Treatment,Clinical,Medical,Medical Knowledge,Communication,Patient Care","high_openness,high_conscientiousness,high_agreeableness","emergency,nurse,medical,clinical,physician,diagnosis,doctor,healthcare,patient care","Applies specialized knowledge in physicians, surgeons, nurses, and direct patient care professionals to solve complex problems and drive organizational success."
Healthcare Physician,medical_clinical,"Patient Care,Doctor,Communication,Surgeon,Patient Care,Physician,Diagnosis","high_agreeableness,high_conscientiousness,moderate_openness","medical,hospital,healthcare,doctor,treatment,diagnosis,emergency,clinical,nurse","Specializes in physicians, surgeons, nurses, and direct patient care professionals with focus on delivering high-quality results and innovative solutions."
Emergency Nurse,medical_clinical,"Communication,Medical Knowledge,Patient Care,Empathy,Healthcare,Patient Care,Diagnosis","high_agreeableness,high_conscientiousness,moderate_openness","patient care,physician,treatment,nurse,healthcare,hospital,medicine,surgeon,clinical","Develops and implements solutions in physicians, surgeons, nurses, and direct patient care professionals while maintaining high standards of professional excellence."
Medicine Therapist,medical_clinical,"Healthcare,Medicine,Medical Knowledge,Treatment,Physician,Empathy,Communication","high_agreeableness,high_conscientiousness,moderate_openness","diagnosis,patient care,physician,surgeon,medical,medicine,nurse,clinical,emergency","Applies specialized knowledge in physicians, surgeons, nurses, and direct patient care professionals to solve complex problems and drive organizational success."
Nurse Specialist,medical_clinical,"Patient Care,Clinical,Medical,Surgeon,Hospital,Medical Knowledge,Empathy","high_agreeableness,high_conscientiousness,moderate_openness","surgeon,diagnosis,clinical,medical,medicine,healthcare,doctor,hospital,treatment","Leads initiatives in physicians, surgeons, nurses, and direct patient care professionals ensuring best practices and continuous improvement in operations."
Treatment Technician,medical_clinical,"Empathy,Patient Care,Surgeon,Medicine,Communication,Medical,Clinical","high_conscientiousness,low_neuroticism,high_agreeableness","healthcare,doctor,surgeon,medicine,diagnosis,physician,treatment,clinical,medical","Leads initiatives in physicians, surgeons, nurses, and direct patient care professionals ensuring best practices and continuous improvement in operations."
Treatment Coordinator,medical_clinical,"Patient Care,Communication,Empathy,Emergency,Treatment,Medical Knowledge,Hospital","high_extraversion,high_conscientiousness,high_agreeableness","nurse,medicine,emergency,healthcare,clinical,physician,surgeon,medical,patient care","Leads initiatives in physicians, surgeons, nurses, and direct patient care professionals ensuring best practices and continuous improvement in operations."
Nurse Assistant,medical_clinical,"Communication,Patient Care,Emergency,Empathy,Doctor,Medicine,Medical Knowledge","high_agreeableness,high_conscientiousness,moderate_openness","medicine,clinical,diagnosis,physician,nurse,patient care,surgeon,doctor,treatment","Provides expert-level support in physicians, surgeons, nurses, and direct patient care professionals combining technical skills with strong communication abilities."
Emergency Practitioner,medical_clinical,"Patient Care,Patient Care,Doctor,Clinical,Physician,Medical Knowledge,Empathy","high_agreeableness,high_conscientiousness,moderate_openness","nurse,patient care,healthcare,physician,medicine,medical,treatment,clinical,doctor","Provides expert-level support in physicians, surgeons, nurses, and direct patient care professionals combining technical skills with strong communication abilities."
Lead Physician Nurse,medical_clinical,"Medical Knowledge,Surgeon,Physician,Hospital,Empathy,Patient Care,Communication","high_agreeableness,high_conscientiousness,moderate_openness","clinical,treatment,emergency,diagnosis,surgeon,medicine,hospital,medical,physician","Provides expert-level support in physicians, surgeons, nurses, and direct patient care professionals combining technical skills with strong communication abilities."
Doctor Manager,medical_clinical,"Empathy,Surgeon,Medical,Patient Care,Communication,Medical Knowledge,Medicine","high_extraversion,high_conscientiousness,high_agreeableness","hospital,emergency,nurse,clinical,treatment,patient care,medicine,medical,surgeon","Leads initiatives in physicians, surgeons, nurses, and direct patient care professionals ensuring best practices and continuous improvement in operations."
Clinical Consultant,medical_clinical,"Physician,Healthcare,Nurse,Clinical,Empathy,Medical Knowledge,Patient Care","high_openness,high_conscientiousness,high_agreeableness","hospital,treatment,diagnosis,surgeon,healthcare,clinical,doctor,medicine,patient care","Specializes in physicians, surgeons, nurses, and direct patient care professionals with focus on delivering high-quality results and innovative solutions."
Clinical Physician,medical_clinical,"Communication,Nurse,Physician,Medicine,Medical Knowledge,Empathy,Emergency","high_agreeableness,high_conscientiousness,moderate_openness","physician,emergency,treatment,diagnosis,patient care,medicine,clinical,nurse,hospital","Provides expert-level support in physicians, surgeons, nurses, and direct patient care professionals combining technical skills with strong communication abilities."
Surgeon Nurse,medical_clinical,"Empathy,Clinical,Patient Care,Doctor,Communication,Surgeon,Medical Knowledge","high_agreeableness,high_conscientiousness,moderate_openness","medicine,hospital,medical,emergency,surgeon,doctor,nurse,treatment,clinical","Provides expert-level support in physicians, surgeons, nurses, and direct patient care professionals combining technical skills with strong communication abilities."
Patient Care Therapist,medical_clinical,"Empathy,Communication,Diagnosis,Patient Care,Hospital,Doctor,Physician","high_agreeableness,high_conscientiousness,moderate_openness","emergency,hospital,treatment,healthcare,doctor,diagnosis,physician,nurse,medical","Leads initiatives in physicians, surgeons, nurses, and direct patient care professionals ensuring best practices and continuous improvement in operations."
Psychology Physician,mental_health_therapy,"Empathy,Medical Knowledge,Communication,Wellness,Psychology,Counseling,Patient Care","high_agreeableness,high_conscientiousness,moderate_openness","psychiatry,wellness,therapy,mental health,psychology,behavioral health,psychologist,emotional support,counselor","Develops and implements solutions in psychology, counseling, psychiatry, and mental wellness services while maintaining high standards of professional excellence."
Therapy Nurse,mental_health_therapy,"Psychology,Medical Knowledge,Counselor,Patient Care,Empathy,Wellness,Psychiatry","high_agreeableness,high_conscientiousness,moderate_openness","wellness,counseling,mental health,counselor,psychotherapy,emotional support,psychology,therapy,psychiatry","Works in psychology, counseling, psychiatry, and mental wellness services field, providing expertise and professional services to clients and organizations."
Counseling Therapist,mental_health_therapy,"Counseling,Counselor,Psychologist,Behavioral Health,Medical Knowledge,Patient Care,Communication","high_agreeableness,high_conscientiousness,moderate_openness","behavioral health,psychotherapy,emotional support,psychologist,therapy,counseling,mental health,psychology,counselor","Develops and implements solutions in psychology, counseling, psychiatry, and mental wellness services while maintaining high standards of professional excellence."
Mental Health Specialist,mental_health_therapy,"Therapy,Patient Care,Emotional Support,Counselor,Medical Knowledge,Communication,Behavioral Health","high_openness,high_conscientiousness,high_agreeableness","wellness,psychotherapy,psychiatry,therapy,counselor,mental health,psychologist,emotional support,behavioral health","Specializes in psychology, counseling, psychiatry, and mental wellness services with focus on delivering high-quality results and innovative solutions."
Psychiatry Technician,mental_health_therapy,"Wellness,Therapy,Psychologist,Empathy,Communication,Patient Care,Counseling","high_conscientiousness,low_neuroticism,high_agreeableness","psychiatry,therapy,psychologist,emotional support,mental health,behavioral health,counseling,psychotherapy,psychology","Contributes to psychology, counseling, psychiatry, and mental wellness services through technical expertise, strategic thinking, and collaborative teamwork."
Psychotherapy Coordinator,mental_health_therapy,"Psychologist,Medical Knowledge,Empathy,Counseling,Psychiatry,Communication,Patient Care","high_extraversion,high_conscientiousness,high_agreeableness","behavioral health,psychologist,psychiatry,mental health,emotional support,psychology,therapy,counseling,wellness","Works in psychology, counseling, psychiatry, and mental wellness services field, providing expertise and professional services to clients and organizations."
Behavioral Health Assistant,mental_health_therapy,"Empathy,Psychotherapy,Communication,Therapy,Medical Knowledge,Mental Health,Counseling","high_agreeableness,high_conscientiousness,moderate_openness","emotional support,psychology,psychologist,behavioral health,psychotherapy,psychiatry,mental health,therapy,counseling","Provides expert-level support in psychology, counseling, psychiatry, and mental wellness services combining technical skills with strong communication abilities."
Emotional Support Practitioner,mental_health_therapy,"Psychotherapy,Communication,Medical Knowledge,Behavioral Health,Empathy,Psychologist,Patient Care","high_agreeableness,high_conscientiousness,moderate_openness","mental health,counselor,psychiatry,psychologist,therapy,counseling,emotional support,psychotherapy,psychology","Delivers professional services in psychology, counseling, psychiatry, and mental wellness services with emphasis on quality, efficiency, and client satisfaction."
Lead Counselor Nurse,mental_health_therapy,"Wellness,Counseling,Mental Health,Empathy,Therapy,Patient Care,Communication","high_agreeableness,high_conscientiousness,moderate_openness","emotional support,counseling,mental health,psychology,therapy,psychotherapy,counselor,behavioral health,wellness","Develops and implements solutions in psychology, counseling, psychiatry, and mental wellness services while maintaining high standards of professional excellence."
Psychologist Manager,mental_health_therapy,"Empathy,Behavioral Health,Psychologist,Psychiatry,Communication,Patient Care,Psychotherapy","high_extraversion,high_conscientiousness,high_agreeableness","counselor,mental health,behavioral health,psychology,therapy,psychotherapy,wellness,counseling,psychologist","Specializes in psychology, counseling, psychiatry, and mental wellness services with focus on delivering high-quality results and innovative solutions."
Wellness Consultant,mental_health_therapy,"Medical Knowledge,Psychologist,Counselor,Empathy,Communication,Mental Health,Behavioral Health","high_openness,high_conscientiousness,high_agreeableness","psychotherapy,emotional support,psychology,psychiatry,counseling,behavioral health,therapy,counselor,psychologist","Develops and implements solutions in psychology, counseling, psychiatry, and mental wellness services while maintaining high standards of professional excellence."
Psychology Physician,mental_health_therapy,"Psychology,Psychiatry,Psychologist,Empathy,Patient Care,Communication,Medical Knowledge","high_agreeableness,high_conscientiousness,moderate_openness","counseling,psychiatry,counselor,behavioral health,psychology,therapy,mental health,wellness,psychotherapy","Delivers professional services in psychology, counseling, psychiatry, and mental wellness services with emphasis on quality, efficiency, and client satisfaction."
Psychologist Nurse,mental_health_therapy,"Patient Care,Emotional Support,Empathy,Psychology,Communication,Medical Knowledge,Psychologist","high_agreeableness,high_conscientiousness,moderate_openness","behavioral health,counseling,mental health,psychologist,counselor,emotional support,psychiatry,psychotherapy,wellness","Applies specialized knowledge in psychology, counseling, psychiatry, and mental wellness services to solve complex problems and drive organizational success."
Psychology Therapist,mental_health_therapy,"Medical Knowledge,Wellness,Communication,Patient Care,Counselor,Behavioral Health,Empathy","high_agreeableness,high_conscientiousness,moderate_openness","psychologist,counselor,therapy,psychology,psychotherapy,mental health,wellness,emotional support,behavioral health","Leads initiatives in psychology, counseling, psychiatry, and mental wellness services ensuring best practices and continuous improvement in operations."
Emotional Support Specialist,mental_health_therapy,"Wellness,Patient Care,Empathy,Behavioral Health,Psychologist,Communication,Mental Health","high_openness,high_conscientiousness,high_agreeableness","wellness,counseling,counselor,psychology,mental health,therapy,psychotherapy,behavioral health,emotional support","Develops and implements solutions in psychology, counseling, psychiatry, and mental wellness services while maintaining high standards of professional excellence."
Physical Therapy Physician,allied_health,"Medical Lab,Therapy,Occupational Therapy,Imaging,Speech Therapy,Communication,Medical Knowledge","high_agreeableness,high_conscientiousness,moderate_openness","respiratory,ultrasound,speech therapy,imaging,medical lab,rehabilitation,occupational therapy,therapy,radiology","Develops and implements solutions in physical therapy, occupational therapy, medical technology, and support services while maintaining high standards of professional excellence."
Occupational Therapy Nurse,allied_health,"Therapy,Radiology,Medical Knowledge,Physical Therapy,Empathy,Patient Care,Diagnostic","high_agreeableness,high_conscientiousness,moderate_openness","occupational therapy,respiratory,diagnostic,imaging,ultrasound,radiology,physical therapy,rehabilitation,medical lab","Leads initiatives in physical therapy, occupational therapy, medical technology, and support services ensuring best practices and continuous improvement in operations."
Radiology Therapist,allied_health,"Speech Therapy,Physical Therapy,Medical Knowledge,Communication,Patient Care,Radiology,Diagnostic","high_agreeableness,high_conscientiousness,moderate_openness","rehabilitation,occupational therapy,therapy,imaging,ultrasound,physical therapy,radiology,speech therapy,diagnostic","Contributes to physical therapy, occupational therapy, medical technology, and support services through technical expertise, strategic thinking, and collaborative teamwork."
Medical Lab Specialist,allied_health,"Rehabilitation,Communication,Patient Care,Therapy,Speech Therapy,Imaging,Empathy","high_openness,high_conscientiousness,high_agreeableness","therapy,speech therapy,radiology,diagnostic,rehabilitation,imaging,medical lab,ultrasound,physical therapy","Delivers professional services in physical therapy, occupational therapy, medical technology, and support services with emphasis on quality, efficiency, and client satisfaction."
Respiratory Technician,allied_health,"Imaging,Empathy,Communication,Ultrasound,Medical Knowledge,Speech Therapy,Physical Therapy","high_conscientiousness,low_neuroticism,high_agreeableness","imaging,occupational therapy,diagnostic,respiratory,medical lab,ultrasound,rehabilitation,physical therapy,therapy","Leads initiatives in physical therapy, occupational therapy, medical technology, and support services ensuring best practices and continuous improvement in operations."
Speech Therapy Coordinator,allied_health,"Medical Lab,Physical Therapy,Patient Care,Empathy,Communication,Medical Knowledge,Speech Therapy","high_extraversion,high_conscientiousness,high_agreeableness","medical lab,speech therapy,ultrasound,diagnostic,radiology,respiratory,therapy,imaging,rehabilitation","Delivers professional services in physical therapy, occupational therapy, medical technology, and support services with emphasis on quality, efficiency, and client satisfaction."
Rehabilitation Assistant,allied_health,"Physical Therapy,Rehabilitation,Medical Knowledge,Respiratory,Speech Therapy,Communication,Patient Care","high_agreeableness,high_conscientiousness,moderate_openness","speech therapy,imaging,therapy,radiology,physical therapy,ultrasound,rehabilitation,medical lab,respiratory","Contributes to physical therapy, occupational therapy, medical technology, and support services through technical expertise, strategic thinking, and collaborative teamwork."
Diagnostic Practitioner,allied_health,"Empathy,Communication,Speech Therapy,Respiratory,Physical Therapy,Therapy,Medical Knowledge","high_agreeableness,high_conscientiousness,moderate_openness","rehabilitation,imaging,physical therapy,radiology,respiratory,therapy,ultrasound,diagnostic,occupational therapy","Contributes to physical therapy, occupational therapy, medical technology, and support services through technical expertise, strategic thinking, and collaborative teamwork."
Lead Imaging Nurse,allied_health,"Rehabilitation,Imaging,Communication,Therapy,Speech Therapy,Occupational Therapy,Medical Knowledge","high_agreeableness,high_conscientiousness,moderate_openness","rehabilitation,imaging,respiratory,radiology,diagnostic,occupational therapy,therapy,medical lab,speech therapy","Contributes to physical therapy, occupational therapy, medical technology, and support services through technical expertise, strategic thinking, and collaborative teamwork."
Ultrasound Manager,allied_health,"Patient Care,Occupational Therapy,Diagnostic,Imaging,Communication,Medical Lab,Empathy","high_extraversion,high_conscientiousness,high_agreeableness","occupational therapy,respiratory,speech therapy,rehabilitation,radiology,ultrasound,therapy,physical therapy,imaging","Specializes in physical therapy, occupational therapy, medical technology, and support services with focus on delivering high-quality results and innovative solutions."
Therapy Consultant,allied_health,"Occupational Therapy,Communication,Diagnostic,Patient Care,Radiology,Empathy,Respiratory","high_openness,high_conscientiousness,high_agreeableness","medical lab,occupational therapy,respiratory,rehabilitation,physical therapy,ultrasound,therapy,imaging,radiology","Works in physical therapy, occupational therapy, medical technology, and support services field, providing expertise and professional services to clients and organizations."
Respiratory Physician,allied_health,"Occupational Therapy,Respiratory,Speech Therapy,Communication,Patient Care,Medical Knowledge,Empathy","high_agreeableness,high_conscientiousness,moderate_openness","ultrasound,imaging,therapy,respiratory,speech therapy,occupational therapy,diagnostic,rehabilitation,physical therapy","Provides expert-level support in physical therapy, occupational therapy, medical technology, and support services combining technical skills with strong communication abilities."
Respiratory Nurse,allied_health,"Patient Care,Communication,Therapy,Physical Therapy,Empathy,Rehabilitation,Speech Therapy","high_agreeableness,high_conscientiousness,moderate_openness","diagnostic,therapy,ultrasound,respiratory,rehabilitation,radiology,occupational therapy,imaging,physical therapy","Works in physical therapy, occupational therapy, medical technology, and support services field, providing expertise and professional services to clients and organizations."
Physical Therapy Therapist,allied_health,"Therapy,Empathy,Patient Care,Medical Lab,Medical Knowledge,Ultrasound,Communication","high_agreeableness,high_conscientiousness,moderate_openness","physical therapy,imaging,diagnostic,ultrasound,rehabilitation,therapy,speech therapy,medical lab,respiratory","Leads initiatives in physical therapy, occupational therapy, medical technology, and support services ensuring best practices and continuous improvement in operations."
Therapy Specialist,allied_health,"Ultrasound,Occupational Therapy,Medical Knowledge,Empathy,Respiratory,Communication,Diagnostic","high_openness,high_conscientiousness,high_agreeableness","occupational therapy,respiratory,speech therapy,imaging,radiology,diagnostic,ultrasound,therapy,physical therapy","Develops and implements solutions in physical therapy, occupational therapy, medical technology, and support services while maintaining high standards of professional excellence."
Occupational Therapy Technician,allied_health,"Empathy,Medical Lab,Medical Knowledge,Occupational Therapy,Speech Therapy,Patient Care,Therapy","high_conscientiousness,low_neuroticism,high_agreeableness","diagnostic,physical therapy,imaging,respiratory,medical lab,ultrasound,therapy,occupational therapy,speech therapy","Develops and implements solutions in physical therapy, occupational therapy, medical technology, and support services while maintaining high standards of professional excellence."
Occupational Therapy Coordinator,allied_health,"Communication,Occupational Therapy,Patient Care,Speech Therapy,Medical Knowledge,Imaging,Therapy","high_extraversion,high_conscientiousness,high_agreeableness","therapy,imaging,medical lab,diagnostic,physical therapy,rehabilitation,radiology,ultrasound,speech therapy","Provides expert-level support in physical therapy, occupational therapy, medical technology, and support services combining technical skills with strong communication abilities."
Respiratory Assistant,allied_health,"Patient Care,Communication,Speech Therapy,Rehabilitation,Empathy,Respiratory,Medical Knowledge","high_agreeableness,high_conscientiousness,moderate_openness","radiology,imaging,physical therapy,diagnostic,speech therapy,occupational therapy,medical lab,respiratory,rehabilitation","Contributes to physical therapy, occupational therapy, medical technology, and support services through technical expertise, strategic thinking, and collaborative teamwork."
Respiratory Practitioner,allied_health,"Medical Lab,Communication,Medical Knowledge,Therapy,Patient Care,Occupational Therapy,Empathy","high_agreeableness,high_conscientiousness,moderate_openness","ultrasound,speech therapy,radiology,imaging,physical therapy,rehabilitation,respiratory,diagnostic,occupational therapy","Develops and implements solutions in physical therapy, occupational therapy, medical technology, and support services while maintaining high standards of professional excellence."
Lead Radiology Nurse,allied_health,"Empathy,Medical Knowledge,Medical Lab,Radiology,Communication,Patient Care,Respiratory","high_agreeableness,high_conscientiousness,moderate_openness","physical therapy,ultrasound,therapy,medical lab,radiology,occupational therapy,rehabilitation,respiratory,speech therapy","Specializes in physical therapy, occupational therapy, medical technology, and support services with focus on delivering high-quality results and innovative solutions."
Public Health Physician,public_health,"Communication,Public Health,Community Health,Outbreak,Health Policy,Medical Knowledge,Patient Care","high_agreeableness,high_conscientiousness,moderate_openness","public health,outbreak,health policy,community health,health education,infectious disease,epidemiology,population health,vaccination","Works in population health, disease prevention, epidemiology, and health policy field, providing expertise and professional services to clients and organizations."
Epidemiology Nurse,public_health,"Patient Care,Health Education,Epidemiology,Outbreak,Communication,Population Health,Empathy","high_agreeableness,high_conscientiousness,moderate_openness","community health,infectious disease,health education,population health,public health,vaccination,outbreak,health policy,disease prevention","Works in population health, disease prevention, epidemiology, and health policy field, providing expertise and professional services to clients and organizations."
Disease Prevention Therapist,public_health,"Empathy,Outbreak,Health Policy,Patient Care,Disease Prevention,Community Health,Health Education","high_agreeableness,high_conscientiousness,moderate_openness","vaccination,health policy,community health,health education,epidemiology,population health,outbreak,public health,disease prevention","Provides expert-level support in population health, disease prevention, epidemiology, and health policy combining technical skills with strong communication abilities."
Health Policy Specialist,public_health,"Empathy,Medical Knowledge,Patient Care,Communication,Epidemiology,Community Health,Health Education","high_openness,high_conscientiousness,high_agreeableness","outbreak,disease prevention,vaccination,community health,infectious disease,population health,public health,health education,epidemiology","Develops and implements solutions in population health, disease prevention, epidemiology, and health policy while maintaining high standards of professional excellence."
Population Health Technician,public_health,"Communication,Outbreak,Public Health,Empathy,Epidemiology,Disease Prevention,Vaccination","high_conscientiousness,low_neuroticism,high_agreeableness","outbreak,public health,population health,health education,infectious disease,health policy,disease prevention,community health,vaccination","Contributes to population health, disease prevention, epidemiology, and health policy through technical expertise, strategic thinking, and collaborative teamwork."
Infectious Disease Coordinator,public_health,"Empathy,Community Health,Patient Care,Health Education,Disease Prevention,Outbreak,Health Policy","high_extraversion,high_conscientiousness,high_agreeableness","epidemiology,infectious disease,health education,vaccination,outbreak,public health,population health,community health,disease prevention","Specializes in population health, disease prevention, epidemiology, and health policy with focus on delivering high-quality results and innovative solutions."
Vaccination Assistant,public_health,"Health Policy,Empathy,Vaccination,Communication,Medical Knowledge,Epidemiology,Outbreak","high_agreeableness,high_conscientiousness,moderate_openness","public health,disease prevention,outbreak,health policy,epidemiology,vaccination,health education,population health,infectious disease","Works in population health, disease prevention, epidemiology, and health policy field, providing expertise and professional services to clients and organizations."
Health Education Practitioner,public_health,"Empathy,Infectious Disease,Medical Knowledge,Health Education,Epidemiology,Health Policy,Communication","high_agreeableness,high_conscientiousness,moderate_openness","health education,epidemiology,community health,disease prevention,vaccination,infectious disease,public health,population health,outbreak","Contributes to population health, disease prevention, epidemiology, and health policy through technical expertise, strategic thinking, and collaborative teamwork."
Lead Community Health Nurse,public_health,"Epidemiology,Infectious Disease,Outbreak,Medical Knowledge,Communication,Community Health,Patient Care","high_agreeableness,high_conscientiousness,moderate_openness","outbreak,epidemiology,community health,population health,infectious disease,public health,disease prevention,health policy,health education","Applies specialized knowledge in population health, disease prevention, epidemiology, and health policy to solve complex problems and drive organizational success."
Outbreak Manager,public_health,"Health Education,Medical Knowledge,Communication,Public Health,Patient Care,Health Policy,Disease Prevention","high_extraversion,high_conscientiousness,high_agreeableness","epidemiology,disease prevention,population health,health policy,infectious disease,health education,vaccination,public health,outbreak","Contributes to population health, disease prevention, epidemiology, and health policy through technical expertise, strategic thinking, and collaborative teamwork."
Disease Prevention Consultant,public_health,"Public Health,Patient Care,Empathy,Infectious Disease,Communication,Community Health,Medical Knowledge","high_openness,high_conscientiousness,high_agreeableness","public health,epidemiology,health education,population health,disease prevention,vaccination,health policy,community health,outbreak","Develops and implements solutions in population health, disease prevention, epidemiology, and health policy while maintaining high standards of professional excellence."
Vaccination Physician,public_health,"Empathy,Patient Care,Medical Knowledge,Health Education,Disease Prevention,Vaccination,Communication","high_agreeableness,high_conscientiousness,moderate_openness","epidemiology,outbreak,infectious disease,vaccination,public health,disease prevention,health policy,population health,health education","Provides expert-level support in population health, disease prevention, epidemiology, and health policy combining technical skills with strong communication abilities."
Pharmaceutical Physician,pharmaceutical_biotech,"Pharmacology,Empathy,Clinical Trials,Communication,Patient Care,Biopharmaceutical,Genetics","high_agreeableness,high_conscientiousness,moderate_openness","clinical trials,molecular biology,medical devices,genetics,biopharmaceutical,medication,biotech,drug development,pharmaceutical","Contributes to drug development, pharmaceutical research, biotechnology, and medical devices through technical expertise, strategic thinking, and collaborative teamwork."
Biotech Nurse,pharmaceutical_biotech,"Patient Care,Genetics,Medication,Communication,Medical Knowledge,Drug Development,Empathy","high_agreeableness,high_conscientiousness,moderate_openness","pharmaceutical,biopharmaceutical,medication,biotech,molecular biology,clinical trials,genetics,medical devices,drug development","Applies specialized knowledge in drug development, pharmaceutical research, biotechnology, and medical devices to solve complex problems and drive organizational success."
Drug Development Therapist,pharmaceutical_biotech,"Clinical Trials,Drug Development,Patient Care,Communication,Biotech,Pharmacology,Empathy","high_agreeableness,high_conscientiousness,moderate_openness","biopharmaceutical,biotech,pharmaceutical,drug development,molecular biology,medical devices,genetics,medication,pharmacology","Develops and implements solutions in drug development, pharmaceutical research, biotechnology, and medical devices while maintaining high standards of professional excellence."
Clinical Trials Specialist,pharmaceutical_biotech,"Pharmaceutical,Communication,Clinical Trials,Empathy,Medical Knowledge,Molecular Biology,Drug Development","high_openness,high_conscientiousness,high_agreeableness","genetics,clinical trials,pharmaceutical,biotech,medical devices,pharmacology,drug development,biopharmaceutical,molecular biology","Leads initiatives in drug development, pharmaceutical research, biotechnology, and medical devices ensuring best practices and continuous improvement in operations."
Medication Technician,pharmaceutical_biotech,"Molecular Biology,Genetics,Medical Knowledge,Medication,Clinical Trials,Patient Care,Pharmaceutical","high_conscientiousness,low_neuroticism,high_agreeableness","drug development,molecular biology,clinical trials,medical devices,genetics,medication,biopharmaceutical,pharmacology,pharmaceutical","Works in drug development, pharmaceutical research, biotechnology, and medical devices field, providing expertise and professional services to clients and organizations."
Pharmacology Coordinator,pharmaceutical_biotech,"Patient Care,Medical Devices,Molecular Biology,Communication,Pharmaceutical,Biopharmaceutical,Medical Knowledge","high_extraversion,high_conscientiousness,high_agreeableness","drug development,clinical trials,pharmacology,biotech,pharmaceutical,biopharmaceutical,medication,medical devices,molecular biology","Leads initiatives in drug development, pharmaceutical research, biotechnology, and medical devices ensuring best practices and continuous improvement in operations."
Medical Devices Assistant,pharmaceutical_biotech,"Medical Devices,Communication,Clinical Trials,Biopharmaceutical,Medical Knowledge,Patient Care,Empathy","high_agreeableness,high_conscientiousness,moderate_openness","genetics,drug development,molecular biology,medication,clinical trials,medical devices,biotech,pharmacology,biopharmaceutical","Works in drug development, pharmaceutical research, biotechnology, and medical devices field, providing expertise and professional services to clients and organizations."
Biopharmaceutical Practitioner,pharmaceutical_biotech,"Communication,Medical Knowledge,Medical Devices,Biotech,Pharmaceutical,Empathy,Pharmacology","high_agreeableness,high_conscientiousness,moderate_openness","pharmacology,biopharmaceutical,molecular biology,clinical trials,medical devices,genetics,drug development,medication,biotech","Contributes to drug development, pharmaceutical research, biotechnology, and medical devices through technical expertise, strategic thinking, and collaborative teamwork."
Lead Genetics Nurse,pharmaceutical_biotech,"Empathy,Medication,Medical Devices,Patient Care,Molecular Biology,Biotech,Communication","high_agreeableness,high_conscientiousness,moderate_openness","genetics,pharmaceutical,clinical trials,medical devices,medication,biopharmaceutical,molecular biology,pharmacology,biotech","Works in drug development, pharmaceutical research, biotechnology, and medical devices field, providing expertise and professional services to clients and organizations."
Molecular Biology Manager,pharmaceutical_biotech,"Clinical Trials,Medication,Communication,Empathy,Medical Devices,Biopharmaceutical,Patient Care","high_extraversion,high_conscientiousness,high_agreeableness","biopharmaceutical,molecular biology,biotech,pharmacology,medication,genetics,drug development,medical devices,clinical trials","Works in drug development, pharmaceutical research, biotechnology, and medical devices field, providing expertise and professional services to clients and organizations."
Medical Devices Consultant,pharmaceutical_biotech,"Communication,Biotech,Clinical Trials,Empathy,Medical Devices,Biopharmaceutical,Genetics","high_openness,high_conscientiousness,high_agreeableness","genetics,medical devices,molecular biology,pharmaceutical,drug development,medication,clinical trials,biopharmaceutical,pharmacology","Delivers professional services in drug development, pharmaceutical research, biotechnology, and medical devices with emphasis on quality, efficiency, and client satisfaction."
Drug Development Physician,pharmaceutical_biotech,"Clinical Trials,Empathy,Biotech,Patient Care,Biopharmaceutical,Medical Knowledge,Drug Development","high_agreeableness,high_conscientiousness,moderate_openness","drug development,molecular biology,medical devices,medication,biopharmaceutical,biotech,clinical trials,genetics,pharmacology","Contributes to drug development, pharmaceutical research, biotechnology, and medical devices through technical expertise, strategic thinking, and collaborative teamwork."
Pharmacology Nurse,pharmaceutical_biotech,"Medical Knowledge,Biopharmaceutical,Communication,Molecular Biology,Patient Care,Medication,Genetics","high_agreeableness,high_conscientiousness,moderate_openness","genetics,clinical trials,pharmaceutical,molecular biology,pharmacology,biopharmaceutical,biotech,medical devices,medication","Works in drug development, pharmaceutical research, biotechnology, and medical devices field, providing expertise and professional services to clients and organizations."
Medication Therapist,pharmaceutical_biotech,"Medication,Empathy,Medical Devices,Communication,Biotech,Clinical Trials,Patient Care","high_agreeableness,high_conscientiousness,moderate_openness","drug development,pharmaceutical,medical devices,clinical trials,biotech,medication,biopharmaceutical,genetics,molecular biology","Specializes in drug development, pharmaceutical research, biotechnology, and medical devices with focus on delivering high-quality results and innovative solutions."
Biopharmaceutical Specialist,pharmaceutical_biotech,"Patient Care,Medical Knowledge,Biopharmaceutical,Pharmacology,Communication,Molecular Biology,Medical Devices","high_openness,high_conscientiousness,high_agreeableness","clinical trials,molecular biology,pharmaceutical,medical devices,pharmacology,biotech,medication,genetics,biopharmaceutical","Works in drug development, pharmaceutical research, biotechnology, and medical devices field, providing expertise and professional services to clients and organizations."
Wellness Physician,alternative_wellness,"Communication,Holistic,Empathy,Yoga,Naturopathy,Patient Care,Acupuncture","high_agreeableness,high_conscientiousness,moderate_openness","wellness coaching,naturopathy,health coach,yoga,fitness,wellness,holistic,nutrition,massage","Works in holistic health, nutrition, fitness, wellness coaching, and complementary medicine field, providing expertise and professional services to clients and organizations."
Nutrition Nurse,alternative_wellness,"Nutrition,Medical Knowledge,Patient Care,Empathy,Acupuncture,Communication,Naturopathy","high_agreeableness,high_conscientiousness,moderate_openness","yoga,wellness coaching,nutrition,alternative medicine,naturopathy,acupuncture,massage,fitness,holistic","Works in holistic health, nutrition, fitness, wellness coaching, and complementary medicine field, providing expertise and professional services to clients and organizations."
Fitness Therapist,alternative_wellness,"Medical Knowledge,Acupuncture,Health Coach,Holistic,Alternative Medicine,Empathy,Wellness","high_agreeableness,high_conscientiousness,moderate_openness","naturopathy,wellness coaching,alternative medicine,fitness,nutrition,yoga,acupuncture,health coach,massage","Applies specialized knowledge in holistic health, nutrition, fitness, wellness coaching, and complementary medicine to solve complex problems and drive organizational success."
Holistic Specialist,alternative_wellness,"Health Coach,Empathy,Yoga,Naturopathy,Communication,Holistic,Patient Care","high_openness,high_conscientiousness,high_agreeableness","acupuncture,wellness,health coach,wellness coaching,massage,fitness,alternative medicine,naturopathy,nutrition","Contributes to holistic health, nutrition, fitness, wellness coaching, and complementary medicine through technical expertise, strategic thinking, and collaborative teamwork."
Naturopathy Technician,alternative_wellness,"Yoga,Holistic,Nutrition,Medical Knowledge,Empathy,Fitness,Patient Care","high_conscientiousness,low_neuroticism,high_agreeableness","fitness,yoga,health coach,wellness coaching,acupuncture,massage,naturopathy,alternative medicine,nutrition","Specializes in holistic health, nutrition, fitness, wellness coaching, and complementary medicine with focus on delivering high-quality results and innovative solutions."
Acupuncture Coordinator,alternative_wellness,"Massage,Wellness,Communication,Alternative Medicine,Patient Care,Medical Knowledge,Empathy","high_extraversion,high_conscientiousness,high_agreeableness","alternative medicine,wellness coaching,fitness,massage,acupuncture,wellness,naturopathy,yoga,nutrition","Specializes in holistic health, nutrition, fitness, wellness coaching, and complementary medicine with focus on delivering high-quality results and innovative solutions."
Yoga Assistant,alternative_wellness,"Nutrition,Patient Care,Fitness,Medical Knowledge,Communication,Empathy,Alternative Medicine","high_agreeableness,high_conscientiousness,moderate_openness","wellness,health coach,nutrition,fitness,wellness coaching,yoga,massage,holistic,alternative medicine","Develops and implements solutions in holistic health, nutrition, fitness, wellness coaching, and complementary medicine while maintaining high standards of professional excellence."
Massage Practitioner,alternative_wellness,"Patient Care,Acupuncture,Wellness Coaching,Communication,Health Coach,Empathy,Medical Knowledge","high_agreeableness,high_conscientiousness,moderate_openness","nutrition,acupuncture,holistic,fitness,alternative medicine,wellness coaching,health coach,yoga,naturopathy","Leads initiatives in holistic health, nutrition, fitness, wellness coaching, and complementary medicine ensuring best practices and continuous improvement in operations."
Lead Wellness Coaching Nurse,alternative_wellness,"Empathy,Medical Knowledge,Yoga,Holistic,Acupuncture,Patient Care,Communication","high_agreeableness,high_conscientiousness,moderate_openness","health coach,holistic,yoga,naturopathy,wellness coaching,alternative medicine,fitness,wellness,acupuncture","Provides expert-level support in holistic health, nutrition, fitness, wellness coaching, and complementary medicine combining technical skills with strong communication abilities."
Alternative Medicine Manager,alternative_wellness,"Patient Care,Nutrition,Massage,Fitness,Empathy,Health Coach,Acupuncture","high_extraversion,high_conscientiousness,high_agreeableness","nutrition,acupuncture,wellness coaching,alternative medicine,wellness,health coach,yoga,naturopathy,holistic","Develops and implements solutions in holistic health, nutrition, fitness, wellness coaching, and complementary medicine while maintaining high standards of professional excellence."
Health Coach Consultant,alternative_wellness,"Communication,Naturopathy,Acupuncture,Massage,Empathy,Medical Knowledge,Alternative Medicine","high_openness,high_conscientiousness,high_agreeableness","acupuncture,wellness coaching,alternative medicine,wellness,naturopathy,yoga,holistic,massage,nutrition","Delivers professional services in holistic health, nutrition, fitness, wellness coaching, and complementary medicine with emphasis on quality, efficiency, and client satisfaction."
Health Coach Physician,alternative_wellness,"Empathy,Patient Care,Massage,Medical Knowledge,Alternative Medicine,Naturopathy,Nutrition","high_agreeableness,high_conscientiousness,moderate_openness","alternative medicine,fitness,wellness coaching,acupuncture,wellness,massage,holistic,health coach,nutrition","Contributes to holistic health, nutrition, fitness, wellness coaching, and complementary medicine through technical expertise, strategic thinking, and collaborative teamwork."
Wellness Coaching Nurse,alternative_wellness,"Nutrition,Patient Care,Yoga,Empathy,Communication,Massage,Medical Knowledge","high_agreeableness,high_conscientiousness,moderate_openness","acupuncture,wellness,fitness,alternative medicine,nutrition,holistic,health coach,wellness coaching,massage","Works in holistic health, nutrition, fitness, wellness coaching, and complementary medicine field, providing expertise and professional services to clients and organizations."
Wellness Therapist,alternative_wellness,"Yoga,Massage,Alternative Medicine,Empathy,Patient Care,Communication,Wellness Coaching","high_agreeableness,high_conscientiousness,moderate_openness","health coach,alternative medicine,nutrition,acupuncture,holistic,massage,yoga,wellness,wellness coaching","Leads initiatives in holistic health, nutrition, fitness, wellness coaching, and complementary medicine ensuring best practices and continuous improvement in operations."
Wellness Coaching Specialist,alternative_wellness,"Medical Knowledge,Yoga,Holistic,Communication,Alternative Medicine,Health Coach,Wellness","high_openness,high_conscientiousness,high_agreeableness","yoga,acupuncture,health coach,wellness,nutrition,fitness,massage,wellness coaching,holistic","Specializes in holistic health, nutrition, fitness, wellness coaching, and complementary medicine with focus on delivering high-quality results and innovative solutions."
Management Manager,corporate_management,"Organizational,Communication,Executive,Leadership,Operations,Leadership,Analysis","high_extraversion,high_conscientiousness,moderate_openness","management,agile,organizational,operations,strategy,business,coordination,scrum,leadership","Works in business management, operations, project management, and executive leadership field, providing expertise and professional services to clients and organizations."
Operations Analyst,corporate_management,"Leadership,Strategic Planning,Leadership,Operations,Coordination,Scrum,Analysis","high_openness,high_conscientiousness,moderate_extraversion","scrum,executive,project management,strategy,leadership,organizational,agile,coordination,management","Applies specialized knowledge in business management, operations, project management, and executive leadership to solve complex problems and drive organizational success."
Project Management Consultant,corporate_management,"Planning,Communication,Analysis,Project Management,Leadership,Business,Leadership","high_openness,high_conscientiousness,moderate_extraversion","organizational,planning,agile,project management,coordination,business,executive,leadership,scrum","Develops and implements solutions in business management, operations, project management, and executive leadership while maintaining high standards of professional excellence."
Business Director,corporate_management,"Leadership,Scrum,Analysis,Project Management,Communication,Strategic Planning,Agile","high_extraversion,high_conscientiousness,moderate_openness","management,leadership,organizational,planning,agile,executive,project management,scrum,business","Works in business management, operations, project management, and executive leadership field, providing expertise and professional services to clients and organizations."
Leadership Coordinator,corporate_management,"Leadership,Scrum,Strategic Planning,Leadership,Communication,Business,Agile","high_extraversion,high_conscientiousness,moderate_openness","scrum,project management,operations,management,strategy,business,coordination,executive,leadership","Delivers professional services in business management, operations, project management, and executive leadership with emphasis on quality, efficiency, and client satisfaction."
Executive Specialist,corporate_management,"Organizational,Project Management,Strategic Planning,Analysis,Management,Operations,Leadership","high_extraversion,high_conscientiousness,moderate_openness","planning,agile,scrum,management,leadership,operations,strategy,coordination,organizational","Develops and implements solutions in business management, operations, project management, and executive leadership while maintaining high standards of professional excellence."
Senior Strategy Manager,corporate_management,"Analysis,Strategic Planning,Scrum,Organizational,Project Management,Leadership,Agile","high_extraversion,high_conscientiousness,moderate_openness","scrum,project management,planning,agile,leadership,coordination,strategy,management,operations","Works in business management, operations, project management, and executive leadership field, providing expertise and professional services to clients and organizations."
Planning Executive,corporate_management,"Analysis,Agile,Leadership,Planning,Operations,Business,Scrum","high_extraversion,high_conscientiousness,moderate_openness","strategy,organizational,planning,management,executive,operations,agile,project management,scrum","Provides expert-level support in business management, operations, project management, and executive leadership combining technical skills with strong communication abilities."
Coordination Administrator,corporate_management,"Communication,Analysis,Operations,Organizational,Strategic Planning,Leadership,Executive","high_conscientiousness,moderate_openness,moderate_extraversion","business,planning,executive,organizational,operations,scrum,strategy,management,project management","Contributes to business management, operations, project management, and executive leadership through technical expertise, strategic thinking, and collaborative teamwork."
Agile Associate,corporate_management,"Planning,Analysis,Operations,Scrum,Communication,Agile,Strategic Planning","high_openness,high_conscientiousness,moderate_extraversion","agile,organizational,scrum,business,strategy,project management,management,leadership,operations","Contributes to business management, operations, project management, and executive leadership through technical expertise, strategic thinking, and collaborative teamwork."
Lead Scrum Analyst,corporate_management,"Scrum,Leadership,Business,Agile,Coordination,Strategic Planning,Communication","high_openness,high_conscientiousness,moderate_extraversion","project management,management,business,executive,agile,organizational,planning,scrum,coordination","Contributes to business management, operations, project management, and executive leadership through technical expertise, strategic thinking, and collaborative teamwork."
Organizational Manager,corporate_management,"Leadership,Strategic Planning,Scrum,Analysis,Planning,Business,Communication","high_extraversion,high_conscientiousness,moderate_openness","organizational,agile,management,project management,executive,business,operations,scrum,coordination","Provides expert-level support in business management, operations, project management, and executive leadership combining technical skills with strong communication abilities."
Coordination Analyst,corporate_management,"Analysis,Operations,Communication,Strategic Planning,Planning,Agile,Scrum","high_openness,high_conscientiousness,moderate_extraversion","agile,leadership,executive,organizational,management,coordination,scrum,planning,strategy","Contributes to business management, operations, project management, and executive leadership through technical expertise, strategic thinking, and collaborative teamwork."
Coordination Consultant,corporate_management,"Organizational,Communication,Scrum,Strategic Planning,Leadership,Analysis,Leadership","high_openness,high_conscientiousness,moderate_extraversion","project management,operations,leadership,agile,organizational,planning,coordination,business,strategy","Provides expert-level support in business management, operations, project management, and executive leadership combining technical skills with strong communication abilities."
Organizational Director,corporate_management,"Planning,Analysis,Strategic Planning,Leadership,Project Management,Communication,Executive","high_extraversion,high_conscientiousness,moderate_openness","scrum,operations,agile,executive,planning,organizational,management,business,project management","Contributes to business management, operations, project management, and executive leadership through technical expertise, strategic thinking, and collaborative teamwork."
Strategy Coordinator,corporate_management,"Strategic Planning,Analysis,Leadership,Operations,Communication,Project Management,Coordination","high_extraversion,high_conscientiousness,moderate_openness","leadership,operations,management,planning,executive,coordination,business,project management,organizational","Contributes to business management, operations, project management, and executive leadership through technical expertise, strategic thinking, and collaborative teamwork."
Business Specialist,corporate_management,"Strategic Planning,Coordination,Operations,Analysis,Organizational,Scrum,Leadership","high_openness,high_conscientiousness,moderate_extraversion","organizational,planning,project management,leadership,strategy,executive,operations,agile,coordination","Leads initiatives in business management, operations, project management, and executive leadership ensuring best practices and continuous improvement in operations."
Senior Executive Manager,corporate_management,"Leadership,Communication,Analysis,Strategic Planning,Project Management,Operations,Organizational","high_extraversion,high_conscientiousness,moderate_openness","planning,project management,leadership,management,organizational,scrum,executive,operations,coordination","Provides expert-level support in business management, operations, project management, and executive leadership combining technical skills with strong communication abilities."
Strategy Executive,corporate_management,"Analysis,Scrum,Leadership,Executive,Operations,Communication,Management","high_extraversion,high_conscientiousness,moderate_openness","business,project management,agile,management,operations,organizational,strategy,scrum,leadership","Develops and implements solutions in business management, operations, project management, and executive leadership while maintaining high standards of professional excellence."
Strategy Administrator,corporate_management,"Scrum,Analysis,Executive,Leadership,Strategy,Operations,Communication","high_conscientiousness,moderate_openness,moderate_extraversion","agile,management,business,operations,strategy,leadership,planning,executive,organizational","Works in business management, operations, project management, and executive leadership field, providing expertise and professional services to clients and organizations."
Entrepreneur Manager,entrepreneurship,"Pitch,Founder,Analysis,Strategic Planning,Scaling,Startup,Leadership","high_extraversion,high_conscientiousness,moderate_openness","startup,angel investor,scaling,founder,venture capital,entrepreneur,small business,innovation,bootstrapping","Provides expert-level support in starting and growing businesses, venture capital, and innovation combining technical skills with strong communication abilities."
Startup Analyst,entrepreneurship,"Venture Capital,Bootstrapping,Strategic Planning,Startup,Business Owner,Entrepreneur,Communication","high_openness,high_conscientiousness,moderate_extraversion","bootstrapping,startup,angel investor,pitch,innovation,venture capital,entrepreneur,founder,scaling","Provides expert-level support in starting and growing businesses, venture capital, and innovation combining technical skills with strong communication abilities."
Founder Consultant,entrepreneurship,"Analysis,Leadership,Communication,Scaling,Business Owner,Venture Capital,Startup","high_openness,high_conscientiousness,moderate_extraversion","venture capital,innovation,pitch,bootstrapping,startup,small business,angel investor,entrepreneur,business owner","Works in starting and growing businesses, venture capital, and innovation field, providing expertise and professional services to clients and organizations."
Venture Capital Director,entrepreneurship,"Pitch,Strategic Planning,Startup,Analysis,Innovation,Business Owner,Communication","high_extraversion,high_conscientiousness,moderate_openness","entrepreneur,pitch,bootstrapping,venture capital,business owner,small business,scaling,innovation,angel investor","Provides expert-level support in starting and growing businesses, venture capital, and innovation combining technical skills with strong communication abilities."
Innovation Coordinator,entrepreneurship,"Small Business,Communication,Scaling,Innovation,Strategic Planning,Analysis,Leadership","high_extraversion,high_conscientiousness,moderate_openness","small business,scaling,venture capital,angel investor,bootstrapping,entrepreneur,startup,business owner,innovation","Leads initiatives in starting and growing businesses, venture capital, and innovation ensuring best practices and continuous improvement in operations."
Business Owner Specialist,entrepreneurship,"Venture Capital,Entrepreneur,Startup,Analysis,Founder,Leadership,Innovation","high_openness,high_conscientiousness,moderate_extraversion","founder,scaling,angel investor,business owner,entrepreneur,venture capital,innovation,pitch,small business","Delivers professional services in starting and growing businesses, venture capital, and innovation with emphasis on quality, efficiency, and client satisfaction."
Senior Small Business Manager,entrepreneurship,"Leadership,Small Business,Angel Investor,Venture Capital,Strategic Planning,Bootstrapping,Innovation","high_extraversion,high_conscientiousness,moderate_openness","pitch,innovation,angel investor,small business,startup,venture capital,bootstrapping,entrepreneur,scaling","Applies specialized knowledge in starting and growing businesses, venture capital, and innovation to solve complex problems and drive organizational success."
Angel Investor Executive,entrepreneurship,"Scaling,Analysis,Angel Investor,Leadership,Venture Capital,Entrepreneur,Business Owner","high_extraversion,high_conscientiousness,moderate_openness","pitch,business owner,small business,founder,innovation,scaling,entrepreneur,venture capital,bootstrapping","Leads initiatives in starting and growing businesses, venture capital, and innovation ensuring best practices and continuous improvement in operations."
Pitch Administrator,entrepreneurship,"Scaling,Venture Capital,Analysis,Leadership,Startup,Angel Investor,Bootstrapping","high_conscientiousness,moderate_openness,moderate_extraversion","entrepreneur,founder,bootstrapping,scaling,pitch,venture capital,small business,startup,business owner","Applies specialized knowledge in starting and growing businesses, venture capital, and innovation to solve complex problems and drive organizational success."
Bootstrapping Associate,entrepreneurship,"Strategic Planning,Scaling,Business Owner,Angel Investor,Leadership,Communication,Founder","high_openness,high_conscientiousness,moderate_extraversion","innovation,pitch,venture capital,scaling,angel investor,bootstrapping,small business,business owner,entrepreneur","Works in starting and growing businesses, venture capital, and innovation field, providing expertise and professional services to clients and organizations."
Lead Scaling Analyst,entrepreneurship,"Leadership,Scaling,Entrepreneur,Venture Capital,Innovation,Strategic Planning,Communication","high_openness,high_conscientiousness,moderate_extraversion","startup,innovation,small business,bootstrapping,angel investor,founder,pitch,scaling,venture capital","Applies specialized knowledge in starting and growing businesses, venture capital, and innovation to solve complex problems and drive organizational success."
Innovation Manager,entrepreneurship,"Small Business,Communication,Founder,Leadership,Analysis,Business Owner,Angel Investor","high_extraversion,high_conscientiousness,moderate_openness","pitch,bootstrapping,business owner,founder,entrepreneur,startup,angel investor,venture capital,small business","Develops and implements solutions in starting and growing businesses, venture capital, and innovation while maintaining high standards of professional excellence."
Finance Manager,finance_investment,"Portfolio,Investor,Analysis,Wealth Management,Hedge Fund,Investment,Strategic Planning","high_extraversion,high_conscientiousness,moderate_openness","hedge fund,investment,banking,portfolio,bonds,trading,financial markets,investor,finance","Specializes in investment banking, wealth management, trading, and financial markets with focus on delivering high-quality results and innovative solutions."
Investment Analyst,finance_investment,"Leadership,Financial Markets,Bonds,Finance,Communication,Analysis,Private Equity","high_openness,high_conscientiousness,moderate_extraversion","private equity,bonds,banking,investor,financial markets,hedge fund,stocks,finance,portfolio","Works in investment banking, wealth management, trading, and financial markets field, providing expertise and professional services to clients and organizations."
Banking Consultant,finance_investment,"Strategic Planning,Analysis,Wealth Management,Bonds,Banking,Communication,Investor","high_openness,high_conscientiousness,moderate_extraversion","stocks,hedge fund,bonds,private equity,investment,portfolio,banking,finance,investor","Specializes in investment banking, wealth management, trading, and financial markets with focus on delivering high-quality results and innovative solutions."
Trading Director,finance_investment,"Trading,Investor,Portfolio,Leadership,Analysis,Strategic Planning,Communication","high_extraversion,high_conscientiousness,moderate_openness","investment,hedge fund,stocks,banking,wealth management,financial markets,investor,portfolio,bonds","Provides expert-level support in investment banking, wealth management, trading, and financial markets combining technical skills with strong communication abilities."
Wealth Management Coordinator,finance_investment,"Bonds,Private Equity,Finance,Analysis,Investment,Banking,Communication","high_extraversion,high_conscientiousness,moderate_openness","hedge fund,investment,bonds,stocks,financial markets,trading,portfolio,private equity,banking","Leads initiatives in investment banking, wealth management, trading, and financial markets ensuring best practices and continuous improvement in operations."
Portfolio Specialist,finance_investment,"Finance,Communication,Portfolio,Investment,Analysis,Strategic Planning,Leadership","high_openness,high_conscientiousness,moderate_extraversion","finance,stocks,investment,banking,private equity,hedge fund,wealth management,portfolio,trading","Works in investment banking, wealth management, trading, and financial markets field, providing expertise and professional services to clients and organizations."
Senior Stocks Manager,finance_investment,"Communication,Finance,Strategic Planning,Portfolio,Stocks,Wealth Management,Analysis","high_extraversion,high_conscientiousness,moderate_openness","bonds,wealth management,private equity,investor,banking,hedge fund,investment,trading,financial markets","Provides expert-level support in investment banking, wealth management, trading, and financial markets combining technical skills with strong communication abilities."
Bonds Executive,finance_investment,"Investor,Wealth Management,Private Equity,Leadership,Analysis,Strategic Planning,Stocks","high_extraversion,high_conscientiousness,moderate_openness","private equity,financial markets,hedge fund,bonds,trading,investor,finance,banking,portfolio","Works in investment banking, wealth management, trading, and financial markets field, providing expertise and professional services to clients and organizations."
Hedge Fund Administrator,finance_investment,"Communication,Finance,Strategic Planning,Wealth Management,Analysis,Portfolio,Bonds","high_conscientiousness,moderate_openness,moderate_extraversion","stocks,wealth management,hedge fund,banking,investment,private equity,bonds,finance,trading","Works in investment banking, wealth management, trading, and financial markets field, providing expertise and professional services to clients and organizations."
Private Equity Associate,finance_investment,"Leadership,Analysis,Portfolio,Strategic Planning,Investment,Financial Markets,Hedge Fund","high_openness,high_conscientiousness,moderate_extraversion","private equity,wealth management,investor,investment,trading,hedge fund,finance,stocks,portfolio","Works in investment banking, wealth management, trading, and financial markets field, providing expertise and professional services to clients and organizations."
Lead Financial Markets Analyst,finance_investment,"Bonds,Private Equity,Communication,Stocks,Hedge Fund,Leadership,Strategic Planning","high_openness,high_conscientiousness,moderate_extraversion","financial markets,trading,finance,private equity,investment,hedge fund,wealth management,stocks,banking","Provides expert-level support in investment banking, wealth management, trading, and financial markets combining technical skills with strong communication abilities."
Investor Manager,finance_investment,"Bonds,Leadership,Portfolio,Wealth Management,Banking,Strategic Planning,Communication","high_extraversion,high_conscientiousness,moderate_openness","portfolio,bonds,wealth management,investment,hedge fund,finance,private equity,trading,stocks","Delivers professional services in investment banking, wealth management, trading, and financial markets with emphasis on quality, efficiency, and client satisfaction."
Stocks Analyst,finance_investment,"Communication,Finance,Private Equity,Bonds,Investment,Analysis,Strategic Planning","high_openness,high_conscientiousness,moderate_extraversion","stocks,banking,trading,portfolio,investor,finance,private equity,bonds,wealth management","Contributes to investment banking, wealth management, trading, and financial markets through technical expertise, strategic thinking, and collaborative teamwork."
Investment Consultant,finance_investment,"Portfolio,Stocks,Leadership,Analysis,Finance,Banking,Financial Markets","high_openness,high_conscientiousness,moderate_extraversion","hedge fund,investor,private equity,finance,investment,stocks,banking,portfolio,trading","Leads initiatives in investment banking, wealth management, trading, and financial markets ensuring best practices and continuous improvement in operations."
Financial Markets Director,finance_investment,"Strategic Planning,Banking,Analysis,Portfolio,Investment,Communication,Finance","high_extraversion,high_conscientiousness,moderate_openness","investment,banking,financial markets,portfolio,private equity,finance,hedge fund,trading,bonds","Leads initiatives in investment banking, wealth management, trading, and financial markets ensuring best practices and continuous improvement in operations."
Banking Coordinator,finance_investment,"Hedge Fund,Leadership,Communication,Strategic Planning,Trading,Portfolio,Bonds","high_extraversion,high_conscientiousness,moderate_openness","investment,finance,stocks,financial markets,investor,trading,private equity,wealth management,portfolio","Provides expert-level support in investment banking, wealth management, trading, and financial markets combining technical skills with strong communication abilities."
Trading Specialist,finance_investment,"Stocks,Communication,Analysis,Financial Markets,Leadership,Private Equity,Strategic Planning","high_openness,high_conscientiousness,moderate_extraversion","trading,bonds,financial markets,stocks,investor,portfolio,hedge fund,wealth management,private equity","Works in investment banking, wealth management, trading, and financial markets field, providing expertise and professional services to clients and organizations."
Senior Financial Markets Manager,finance_investment,"Bonds,Banking,Strategic Planning,Leadership,Communication,Analysis,Hedge Fund","high_extraversion,high_conscientiousness,moderate_openness","banking,portfolio,hedge fund,private equity,trading,bonds,finance,wealth management,investor","Delivers professional services in investment banking, wealth management, trading, and financial markets with emphasis on quality, efficiency, and client satisfaction."
Accounting Manager,accounting_audit,"Communication,Gaap,Forensic Accounting,Payroll,Strategic Planning,Accounts Payable,Analysis","high_extraversion,high_conscientiousness,moderate_openness","financial reporting,tax,compliance,gaap,audit,bookkeeping,accounting,ledger,forensic accounting","Works in accounting, auditing, tax, bookkeeping, and financial compliance field, providing expertise and professional services to clients and organizations."
Audit Analyst,accounting_audit,"Gaap,Bookkeeping,Communication,Analysis,Audit,Leadership,Strategic Planning","high_openness,high_conscientiousness,moderate_extraversion","accounts payable,forensic accounting,accounting,cpa,payroll,compliance,gaap,bookkeeping,tax","Specializes in accounting, auditing, tax, bookkeeping, and financial compliance with focus on delivering high-quality results and innovative solutions."
Tax Consultant,accounting_audit,"Leadership,Communication,Ledger,Payroll,Compliance,Gaap,Audit","high_openness,high_conscientiousness,moderate_extraversion","tax,financial reporting,ledger,forensic accounting,accounting,accounts payable,cpa,audit,gaap","Applies specialized knowledge in accounting, auditing, tax, bookkeeping, and financial compliance to solve complex problems and drive organizational success."
Bookkeeping Director,accounting_audit,"Gaap,Bookkeeping,Communication,Payroll,Forensic Accounting,Analysis,Leadership","high_extraversion,high_conscientiousness,moderate_openness","forensic accounting,accounts payable,cpa,payroll,bookkeeping,tax,financial reporting,ledger,audit","Develops and implements solutions in accounting, auditing, tax, bookkeeping, and financial compliance while maintaining high standards of professional excellence."
Cpa Coordinator,accounting_audit,"Analysis,Compliance,Communication,Bookkeeping,Strategic Planning,Cpa,Audit","high_extraversion,high_conscientiousness,moderate_openness","cpa,compliance,forensic accounting,payroll,bookkeeping,accounting,gaap,audit,financial reporting","Delivers professional services in accounting, auditing, tax, bookkeeping, and financial compliance with emphasis on quality, efficiency, and client satisfaction."
Financial Reporting Specialist,accounting_audit,"Forensic Accounting,Leadership,Communication,Strategic Planning,Cpa,Accounting,Ledger","high_openness,high_conscientiousness,moderate_extraversion","forensic accounting,compliance,tax,ledger,financial reporting,audit,accounts payable,cpa,gaap","Specializes in accounting, auditing, tax, bookkeeping, and financial compliance with focus on delivering high-quality results and innovative solutions."
Senior Gaap Manager,accounting_audit,"Strategic Planning,Audit,Financial Reporting,Communication,Bookkeeping,Analysis,Forensic Accounting","high_extraversion,high_conscientiousness,moderate_openness","audit,accounting,payroll,ledger,bookkeeping,cpa,financial reporting,gaap,compliance","Delivers professional services in accounting, auditing, tax, bookkeeping, and financial compliance with emphasis on quality, efficiency, and client satisfaction."
Compliance Executive,accounting_audit,"Forensic Accounting,Leadership,Accounts Payable,Strategic Planning,Bookkeeping,Gaap,Cpa","high_extraversion,high_conscientiousness,moderate_openness","gaap,compliance,accounting,ledger,cpa,accounts payable,payroll,bookkeeping,tax","Develops and implements solutions in accounting, auditing, tax, bookkeeping, and financial compliance while maintaining high standards of professional excellence."
Forensic Accounting Administrator,accounting_audit,"Audit,Strategic Planning,Compliance,Ledger,Tax,Analysis,Communication","high_conscientiousness,moderate_openness,moderate_extraversion","forensic accounting,audit,ledger,tax,payroll,gaap,financial reporting,cpa,compliance","Develops and implements solutions in accounting, auditing, tax, bookkeeping, and financial compliance while maintaining high standards of professional excellence."
Payroll Associate,accounting_audit,"Gaap,Communication,Strategic Planning,Accounting,Compliance,Accounts Payable,Analysis","high_openness,high_conscientiousness,moderate_extraversion","compliance,financial reporting,payroll,accounting,tax,accounts payable,ledger,gaap,cpa","Specializes in accounting, auditing, tax, bookkeeping, and financial compliance with focus on delivering high-quality results and innovative solutions."
Lead Accounts Payable Analyst,accounting_audit,"Ledger,Accounts Payable,Accounting,Communication,Gaap,Analysis,Compliance","high_openness,high_conscientiousness,moderate_extraversion","gaap,bookkeeping,compliance,cpa,accounts payable,financial reporting,payroll,forensic accounting,audit","Delivers professional services in accounting, auditing, tax, bookkeeping, and financial compliance with emphasis on quality, efficiency, and client satisfaction."
Ledger Manager,accounting_audit,"Compliance,Analysis,Audit,Strategic Planning,Accounts Payable,Gaap,Leadership","high_extraversion,high_conscientiousness,moderate_openness","tax,ledger,payroll,accounts payable,cpa,gaap,accounting,forensic accounting,compliance","Develops and implements solutions in accounting, auditing, tax, bookkeeping, and financial compliance while maintaining high standards of professional excellence."
Accounts Payable Analyst,accounting_audit,"Strategic Planning,Communication,Accounts Payable,Analysis,Cpa,Compliance,Financial Reporting","high_openness,high_conscientiousness,moderate_extraversion","financial reporting,gaap,forensic accounting,cpa,tax,audit,bookkeeping,ledger,accounts payable","Delivers professional services in accounting, auditing, tax, bookkeeping, and financial compliance with emphasis on quality, efficiency, and client satisfaction."
Gaap Consultant,accounting_audit,"Leadership,Accounting,Financial Reporting,Communication,Analysis,Strategic Planning,Compliance","high_openness,high_conscientiousness,moderate_extraversion","forensic accounting,payroll,compliance,financial reporting,gaap,accounts payable,bookkeeping,cpa,tax","Provides expert-level support in accounting, auditing, tax, bookkeeping, and financial compliance combining technical skills with strong communication abilities."
Audit Director,accounting_audit,"Leadership,Strategic Planning,Ledger,Cpa,Accounting,Communication,Analysis","high_extraversion,high_conscientiousness,moderate_openness","bookkeeping,ledger,audit,gaap,financial reporting,compliance,accounting,accounts payable,payroll","Delivers professional services in accounting, auditing, tax, bookkeeping, and financial compliance with emphasis on quality, efficiency, and client satisfaction."
Sales Manager,sales_business_dev,"Leadership,Deals,Crm,Strategic Planning,Communication,Sales,Analysis","high_extraversion,high_conscientiousness,moderate_openness","customer,sales,crm,prospecting,closing,business development,revenue,negotiation,lead generation","Leads initiatives in sales, business development, account management, and revenue generation ensuring best practices and continuous improvement in operations."
Business Development Analyst,sales_business_dev,"Strategic Planning,Account Management,Clients,Leadership,Revenue,Business Development,Analysis","high_openness,high_conscientiousness,moderate_extraversion","account management,sales,revenue,prospecting,negotiation,clients,lead generation,deals,closing","Delivers professional services in sales, business development, account management, and revenue generation with emphasis on quality, efficiency, and client satisfaction."
Account Management Consultant,sales_business_dev,"Negotiation,Communication,Revenue,Analysis,Strategic Planning,Leadership,Lead Generation","high_openness,high_conscientiousness,moderate_extraversion","crm,clients,negotiation,closing,business development,lead generation,deals,sales,revenue","Leads initiatives in sales, business development, account management, and revenue generation ensuring best practices and continuous improvement in operations."
Revenue Director,sales_business_dev,"Business Development,Sales,Deals,Communication,Analysis,Account Management,Clients","high_extraversion,high_conscientiousness,moderate_openness","crm,deals,prospecting,closing,negotiation,clients,customer,account management,lead generation","Provides expert-level support in sales, business development, account management, and revenue generation combining technical skills with strong communication abilities."
Deals Coordinator,sales_business_dev,"Strategic Planning,Closing,Communication,Revenue,Leadership,Negotiation,Clients","high_extraversion,high_conscientiousness,moderate_openness","closing,revenue,clients,prospecting,account management,lead generation,deals,sales,customer","Delivers professional services in sales, business development, account management, and revenue generation with emphasis on quality, efficiency, and client satisfaction."
Clients Specialist,sales_business_dev,"Communication,Business Development,Leadership,Lead Generation,Clients,Sales,Strategic Planning","high_openness,high_conscientiousness,moderate_extraversion","clients,prospecting,account management,lead generation,revenue,sales,closing,business development,negotiation","Contributes to sales, business development, account management, and revenue generation through technical expertise, strategic thinking, and collaborative teamwork."
Senior Prospecting Manager,sales_business_dev,"Leadership,Account Management,Revenue,Strategic Planning,Analysis,Business Development,Lead Generation","high_extraversion,high_conscientiousness,moderate_openness","deals,customer,sales,closing,lead generation,prospecting,clients,negotiation,business development","Leads initiatives in sales, business development, account management, and revenue generation ensuring best practices and continuous improvement in operations."
Negotiation Executive,sales_business_dev,"Account Management,Strategic Planning,Business Development,Sales,Analysis,Clients,Communication","high_extraversion,high_conscientiousness,moderate_openness","account management,clients,deals,business development,sales,prospecting,crm,closing,lead generation","Develops and implements solutions in sales, business development, account management, and revenue generation while maintaining high standards of professional excellence."
Crm Administrator,sales_business_dev,"Deals,Account Management,Lead Generation,Strategic Planning,Leadership,Business Development,Revenue","high_conscientiousness,moderate_openness,moderate_extraversion","prospecting,deals,crm,customer,lead generation,revenue,negotiation,account management,closing","Develops and implements solutions in sales, business development, account management, and revenue generation while maintaining high standards of professional excellence."
Lead Generation Associate,sales_business_dev,"Analysis,Lead Generation,Closing,Communication,Negotiation,Account Management,Leadership","high_openness,high_conscientiousness,moderate_extraversion","revenue,negotiation,sales,lead generation,crm,customer,account management,business development,closing","Applies specialized knowledge in sales, business development, account management, and revenue generation to solve complex problems and drive organizational success."
Lead Closing Analyst,sales_business_dev,"Sales,Leadership,Analysis,Revenue,Lead Generation,Prospecting,Strategic Planning","high_openness,high_conscientiousness,moderate_extraversion","deals,negotiation,crm,clients,customer,business development,closing,lead generation,prospecting","Delivers professional services in sales, business development, account management, and revenue generation with emphasis on quality, efficiency, and client satisfaction."
Customer Manager,sales_business_dev,"Sales,Communication,Customer,Account Management,Prospecting,Analysis,Strategic Planning","high_extraversion,high_conscientiousness,moderate_openness","clients,sales,customer,crm,lead generation,revenue,prospecting,closing,business development","Provides expert-level support in sales, business development, account management, and revenue generation combining technical skills with strong communication abilities."
Closing Analyst,sales_business_dev,"Analysis,Revenue,Communication,Customer,Closing,Negotiation,Sales","high_openness,high_conscientiousness,moderate_extraversion","deals,business development,customer,revenue,clients,account management,negotiation,sales,crm","Leads initiatives in sales, business development, account management, and revenue generation ensuring best practices and continuous improvement in operations."
Business Development Consultant,sales_business_dev,"Leadership,Closing,Negotiation,Customer,Strategic Planning,Lead Generation,Analysis","high_openness,high_conscientiousness,moderate_extraversion","customer,account management,revenue,closing,crm,deals,prospecting,lead generation,sales","Applies specialized knowledge in sales, business development, account management, and revenue generation to solve complex problems and drive organizational success."
Sales Director,sales_business_dev,"Communication,Leadership,Negotiation,Crm,Analysis,Lead Generation,Account Management","high_extraversion,high_conscientiousness,moderate_openness","negotiation,crm,lead generation,revenue,clients,prospecting,sales,customer,deals","Works in sales, business development, account management, and revenue generation field, providing expertise and professional services to clients and organizations."
Prospecting Coordinator,sales_business_dev,"Revenue,Account Management,Strategic Planning,Crm,Communication,Leadership,Analysis","high_extraversion,high_conscientiousness,moderate_openness","account management,negotiation,crm,closing,deals,revenue,prospecting,sales,clients","Leads initiatives in sales, business development, account management, and revenue generation ensuring best practices and continuous improvement in operations."
Lead Generation Specialist,sales_business_dev,"Clients,Leadership,Communication,Strategic Planning,Analysis,Business Development,Closing","high_openness,high_conscientiousness,moderate_extraversion","lead generation,business development,account management,clients,prospecting,crm,customer,deals,negotiation","Develops and implements solutions in sales, business development, account management, and revenue generation while maintaining high standards of professional excellence."
Senior Closing Manager,sales_business_dev,"Business Development,Leadership,Sales,Communication,Revenue,Strategic Planning,Prospecting","high_extraversion,high_conscientiousness,moderate_openness","account management,sales,revenue,business development,closing,lead generation,deals,negotiation,customer","Provides expert-level support in sales, business development, account management, and revenue generation combining technical skills with strong communication abilities."
Consulting Manager,consulting_strategy,"Consulting,Mckinsey,Strategy,Strategic Planning,Communication,Analysis,Change Management","high_extraversion,high_conscientiousness,moderate_openness","consulting,mckinsey,change management,transformation,bain,management consulting,analysis,bcg,strategy","Applies specialized knowledge in management consulting, strategy, advisory, and organizational transformation to solve complex problems and drive organizational success."
Strategy Analyst,consulting_strategy,"Analysis,Communication,Bain,Consulting,Leadership,Transformation,Bcg","high_openness,high_conscientiousness,moderate_extraversion","advisory,strategy,change management,business strategy,consulting,transformation,analysis,bcg,management consulting","Specializes in management consulting, strategy, advisory, and organizational transformation with focus on delivering high-quality results and innovative solutions."
Advisory Consultant,consulting_strategy,"Strategic Planning,Management Consulting,Analysis,Consulting,Advisory,Bain,Analysis","high_openness,high_conscientiousness,moderate_extraversion","bcg,analysis,consulting,mckinsey,transformation,advisory,strategy,management consulting,change management","Specializes in management consulting, strategy, advisory, and organizational transformation with focus on delivering high-quality results and innovative solutions."
Management Consulting Director,consulting_strategy,"Change Management,Strategic Planning,Leadership,Bain,Communication,Management Consulting,Bcg","high_extraversion,high_conscientiousness,moderate_openness","transformation,analysis,change management,bain,management consulting,strategy,bcg,mckinsey,advisory","Provides expert-level support in management consulting, strategy, advisory, and organizational transformation combining technical skills with strong communication abilities."
Transformation Coordinator,consulting_strategy,"Communication,Analysis,Strategy,Leadership,Analysis,Transformation,Business Strategy","high_extraversion,high_conscientiousness,moderate_openness","consulting,strategy,transformation,change management,management consulting,bcg,advisory,analysis,business strategy","Specializes in management consulting, strategy, advisory, and organizational transformation with focus on delivering high-quality results and innovative solutions."
Business Strategy Specialist,consulting_strategy,"Analysis,Strategic Planning,Change Management,Advisory,Analysis,Communication,Leadership","high_openness,high_conscientiousness,moderate_extraversion","strategy,analysis,transformation,change management,bcg,advisory,mckinsey,consulting,management consulting","Delivers professional services in management consulting, strategy, advisory, and organizational transformation with emphasis on quality, efficiency, and client satisfaction."
Senior Change Management Manager,consulting_strategy,"Strategic Planning,Communication,Leadership,Change Management,Business Strategy,Bcg,Analysis","high_extraversion,high_conscientiousness,moderate_openness","strategy,analysis,advisory,bcg,transformation,business strategy,mckinsey,consulting,change management","Contributes to management consulting, strategy, advisory, and organizational transformation through technical expertise, strategic thinking, and collaborative teamwork."
Mckinsey Executive,consulting_strategy,"Communication,Management Consulting,Leadership,Transformation,Bcg,Analysis,Business Strategy","high_extraversion,high_conscientiousness,moderate_openness","bcg,consulting,management consulting,analysis,strategy,mckinsey,change management,bain,advisory","Contributes to management consulting, strategy, advisory, and organizational transformation through technical expertise, strategic thinking, and collaborative teamwork."
Bain Administrator,consulting_strategy,"Analysis,Communication,Leadership,Strategic Planning,Change Management,Transformation,Consulting","high_conscientiousness,moderate_openness,moderate_extraversion","analysis,advisory,business strategy,bcg,mckinsey,management consulting,change management,transformation,consulting","Applies specialized knowledge in management consulting, strategy, advisory, and organizational transformation to solve complex problems and drive organizational success."
Bcg Associate,consulting_strategy,"Bcg,Analysis,Communication,Mckinsey,Leadership,Transformation,Strategic Planning","high_openness,high_conscientiousness,moderate_extraversion","strategy,consulting,mckinsey,transformation,analysis,advisory,bcg,management consulting,bain","Develops and implements solutions in management consulting, strategy, advisory, and organizational transformation while maintaining high standards of professional excellence."
Lead Analysis Analyst,consulting_strategy,"Management Consulting,Analysis,Bain,Leadership,Bcg,Consulting,Communication","high_openness,high_conscientiousness,moderate_extraversion","transformation,change management,management consulting,analysis,business strategy,mckinsey,bcg,consulting,advisory","Develops and implements solutions in management consulting, strategy, advisory, and organizational transformation while maintaining high standards of professional excellence."
Management Consulting Manager,consulting_strategy,"Advisory,Leadership,Mckinsey,Consulting,Strategic Planning,Transformation,Communication","high_extraversion,high_conscientiousness,moderate_openness","advisory,management consulting,consulting,analysis,transformation,change management,mckinsey,business strategy,bain","Contributes to management consulting, strategy, advisory, and organizational transformation through technical expertise, strategic thinking, and collaborative teamwork."
Transformation Analyst,consulting_strategy,"Analysis,Advisory,Change Management,Strategy,Management Consulting,Leadership,Strategic Planning","high_openness,high_conscientiousness,moderate_extraversion","strategy,consulting,advisory,mckinsey,business strategy,bcg,analysis,management consulting,bain","Contributes to management consulting, strategy, advisory, and organizational transformation through technical expertise, strategic thinking, and collaborative teamwork."
Analysis Consultant,consulting_strategy,"Advisory,Strategic Planning,Leadership,Analysis,Mckinsey,Management Consulting,Communication","high_openness,high_conscientiousness,moderate_extraversion","change management,strategy,business strategy,bain,management consulting,bcg,consulting,analysis,advisory","Leads initiatives in management consulting, strategy, advisory, and organizational transformation ensuring best practices and continuous improvement in operations."
Transformation Director,consulting_strategy,"Strategy,Analysis,Strategic Planning,Change Management,Communication,Bain,Bcg","high_extraversion,high_conscientiousness,moderate_openness","bain,management consulting,transformation,strategy,consulting,business strategy,advisory,change management,bcg","Specializes in management consulting, strategy, advisory, and organizational transformation with focus on delivering high-quality results and innovative solutions."
Design Designer,design_visual_arts,"Design,Adobe Creative Suite,Creative,Attention to Detail,Ui,Creativity,Visual Communication","high_openness,moderate_extraversion,moderate_conscientiousness","ui,design,photoshop,layout,figma,art direction,visual,typography,creative","Leads initiatives in graphic design, ui/ux, product design, and visual creativity ensuring best practices and continuous improvement in operations."
Graphic Design Artist,design_visual_arts,"Creativity,Creative,Ux,Layout,Visual Communication,Adobe Creative Suite,Typography","high_openness,moderate_extraversion,moderate_conscientiousness","adobe,typography,figma,illustration,art direction,photoshop,ux,design,ui","Specializes in graphic design, ui/ux, product design, and visual creativity with focus on delivering high-quality results and innovative solutions."
Ui Creator,design_visual_arts,"Visual,Figma,Creativity,Layout,Adobe Creative Suite,Illustration,Attention to Detail","high_openness,moderate_extraversion,moderate_conscientiousness","photoshop,ux,illustration,creative,ui,art direction,figma,branding,typography","Develops and implements solutions in graphic design, ui/ux, product design, and visual creativity while maintaining high standards of professional excellence."
Ux Director,design_visual_arts,"Ui,Visual,Figma,Creativity,Visual Communication,Adobe Creative Suite,Adobe","high_extraversion,high_conscientiousness,high_openness","design,ux,layout,visual,branding,illustration,photoshop,adobe,figma","Delivers professional services in graphic design, ui/ux, product design, and visual creativity with emphasis on quality, efficiency, and client satisfaction."
Visual Producer,design_visual_arts,"Visual Communication,Art Direction,Illustration,Creativity,Adobe Creative Suite,Visual,Attention to Detail","high_openness,moderate_extraversion,moderate_conscientiousness","ux,graphic design,figma,layout,art direction,visual,ui,creative,typography","Leads initiatives in graphic design, ui/ux, product design, and visual creativity ensuring best practices and continuous improvement in operations."
Creative Manager,design_visual_arts,"Creativity,Visual Communication,Photoshop,Layout,Creative,Adobe Creative Suite,Ux","high_extraversion,high_conscientiousness,high_openness","art direction,design,visual,photoshop,adobe,illustration,typography,graphic design,ui","Contributes to graphic design, ui/ux, product design, and visual creativity through technical expertise, strategic thinking, and collaborative teamwork."
Senior Branding Designer,design_visual_arts,"Visual Communication,Adobe Creative Suite,Illustration,Adobe,Graphic Design,Attention to Detail,Creativity","high_openness,moderate_extraversion,moderate_conscientiousness","branding,graphic design,layout,visual,creative,illustration,adobe,ux,ui","Works in graphic design, ui/ux, product design, and visual creativity field, providing expertise and professional services to clients and organizations."
Illustration Specialist,design_visual_arts,"Adobe Creative Suite,Ui,Graphic Design,Design,Visual Communication,Creativity,Attention to Detail","high_openness,high_conscientiousness,moderate_extraversion","figma,illustration,graphic design,creative,photoshop,typography,layout,art direction,ux","Applies specialized knowledge in graphic design, ui/ux, product design, and visual creativity to solve complex problems and drive organizational success."
Lead Typography Designer,design_visual_arts,"Photoshop,Visual,Graphic Design,Creativity,Visual Communication,Creative,Adobe Creative Suite","high_openness,moderate_extraversion,moderate_conscientiousness","art direction,adobe,visual,typography,creative,ui,photoshop,layout,figma","Works in graphic design, ui/ux, product design, and visual creativity field, providing expertise and professional services to clients and organizations."
Layout Coordinator,design_visual_arts,"Illustration,Creativity,Typography,Adobe Creative Suite,Visual Communication,Branding,Ux","high_extraversion,high_conscientiousness,high_openness","art direction,typography,branding,creative,figma,layout,illustration,ux,graphic design","Contributes to graphic design, ui/ux, product design, and visual creativity through technical expertise, strategic thinking, and collaborative teamwork."
Freelance Adobe Artist,design_visual_arts,"Photoshop,Adobe Creative Suite,Creativity,Creative,Graphic Design,Attention to Detail,Typography","high_openness,moderate_extraversion,moderate_conscientiousness","ux,visual,creative,layout,photoshop,design,branding,art direction,illustration","Leads initiatives in graphic design, ui/ux, product design, and visual creativity ensuring best practices and continuous improvement in operations."
Figma Designer,design_visual_arts,"Layout,Attention to Detail,Visual Communication,Adobe Creative Suite,Creativity,Visual,Branding","high_openness,moderate_extraversion,moderate_conscientiousness","graphic design,illustration,design,layout,adobe,typography,visual,ui,photoshop","Applies specialized knowledge in graphic design, ui/ux, product design, and visual creativity to solve complex problems and drive organizational success."
Photoshop Artist,design_visual_arts,"Design,Creativity,Attention to Detail,Ux,Layout,Graphic Design,Visual Communication","high_openness,moderate_extraversion,moderate_conscientiousness","figma,illustration,ux,layout,graphic design,creative,design,art direction,photoshop","Contributes to graphic design, ui/ux, product design, and visual creativity through technical expertise, strategic thinking, and collaborative teamwork."
Art Direction Creator,design_visual_arts,"Visual Communication,Attention to Detail,Ux,Adobe,Adobe Creative Suite,Creativity,Photoshop","high_openness,moderate_extraversion,moderate_conscientiousness","photoshop,creative,graphic design,adobe,branding,illustration,visual,typography,ui","Leads initiatives in graphic design, ui/ux, product design, and visual creativity ensuring best practices and continuous improvement in operations."
Illustration Director,design_visual_arts,"Visual Communication,Typography,Attention to Detail,Adobe Creative Suite,Creativity,Graphic Design,Creative","high_extraversion,high_conscientiousness,high_openness","creative,ui,design,branding,figma,art direction,adobe,layout,ux","Leads initiatives in graphic design, ui/ux, product design, and visual creativity ensuring best practices and continuous improvement in operations."
Ux Producer,design_visual_arts,"Branding,Photoshop,Creative,Design,Creativity,Visual Communication,Adobe","high_openness,moderate_extraversion,moderate_conscientiousness","ux,adobe,design,creative,graphic design,branding,ui,figma,photoshop","Leads initiatives in graphic design, ui/ux, product design, and visual creativity ensuring best practices and continuous improvement in operations."
Layout Manager,design_visual_arts,"Adobe,Visual Communication,Attention to Detail,Ux,Creativity,Graphic Design,Typography","high_extraversion,high_conscientiousness,high_openness","typography,graphic design,design,figma,illustration,ux,visual,ui,branding","Works in graphic design, ui/ux, product design, and visual creativity field, providing expertise and professional services to clients and organizations."
Senior Ux Designer,design_visual_arts,"Attention to Detail,Ux,Photoshop,Creativity,Adobe Creative Suite,Visual Communication,Illustration","high_openness,moderate_extraversion,moderate_conscientiousness","design,figma,ux,ui,graphic design,photoshop,adobe,typography,layout","Leads initiatives in graphic design, ui/ux, product design, and visual creativity ensuring best practices and continuous improvement in operations."
Art Direction Specialist,design_visual_arts,"Illustration,Visual,Layout,Creative,Attention to Detail,Visual Communication,Art Direction","high_openness,high_conscientiousness,moderate_extraversion","ux,visual,graphic design,design,illustration,typography,layout,figma,creative","Applies specialized knowledge in graphic design, ui/ux, product design, and visual creativity to solve complex problems and drive organizational success."
Lead Design Designer,design_visual_arts,"Illustration,Photoshop,Attention to Detail,Visual Communication,Creativity,Adobe,Branding","high_openness,moderate_extraversion,moderate_conscientiousness","ui,design,ux,art direction,creative,layout,branding,illustration,adobe","Contributes to graphic design, ui/ux, product design, and visual creativity through technical expertise, strategic thinking, and collaborative teamwork."
Writing Designer,writing_publishing,"Attention to Detail,Content,Visual Communication,Articles,Creativity,Journalism,Technical Writing","high_openness,moderate_extraversion,moderate_conscientiousness","author,technical writing,content,writing,creative writing,publishing,articles,blogging,journalism","Specializes in writing, editing, journalism, content creation, and publishing with focus on delivering high-quality results and innovative solutions."
Content Artist,writing_publishing,"Creativity,Adobe Creative Suite,Technical Writing,Editing,Creative Writing,Attention to Detail,Articles","high_openness,moderate_extraversion,moderate_conscientiousness","editing,technical writing,content,articles,author,publishing,editor,copywriting,writing","Develops and implements solutions in writing, editing, journalism, content creation, and publishing while maintaining high standards of professional excellence."
Journalism Creator,writing_publishing,"Articles,Adobe Creative Suite,Creativity,Content,Journalism,Editing,Publishing","high_openness,moderate_extraversion,moderate_conscientiousness","author,editor,writing,content,blogging,technical writing,creative writing,articles,journalism","Develops and implements solutions in writing, editing, journalism, content creation, and publishing while maintaining high standards of professional excellence."
Editor Director,writing_publishing,"Adobe Creative Suite,Publishing,Content,Visual Communication,Attention to Detail,Creativity,Journalism","high_extraversion,high_conscientiousness,high_openness","content,publishing,author,journalism,technical writing,editing,editor,writing,copywriting","Works in writing, editing, journalism, content creation, and publishing field, providing expertise and professional services to clients and organizations."
Author Producer,writing_publishing,"Adobe Creative Suite,Content,Attention to Detail,Journalism,Visual Communication,Editor,Editing","high_openness,moderate_extraversion,moderate_conscientiousness","creative writing,content,copywriting,writing,journalism,editor,blogging,technical writing,author","Contributes to writing, editing, journalism, content creation, and publishing through technical expertise, strategic thinking, and collaborative teamwork."
Copywriting Manager,writing_publishing,"Blogging,Technical Writing,Visual Communication,Attention to Detail,Creativity,Articles,Author","high_extraversion,high_conscientiousness,high_openness","content,creative writing,publishing,editor,author,articles,writing,technical writing,blogging","Works in writing, editing, journalism, content creation, and publishing field, providing expertise and professional services to clients and organizations."
Senior Blogging Designer,writing_publishing,"Content,Attention to Detail,Copywriting,Visual Communication,Creativity,Articles,Adobe Creative Suite","high_openness,moderate_extraversion,moderate_conscientiousness","editing,creative writing,copywriting,content,editor,author,writing,articles,blogging","Works in writing, editing, journalism, content creation, and publishing field, providing expertise and professional services to clients and organizations."
Publishing Specialist,writing_publishing,"Adobe Creative Suite,Editor,Publishing,Creativity,Attention to Detail,Visual Communication,Content","high_openness,high_conscientiousness,moderate_extraversion","editor,writing,publishing,journalism,content,articles,copywriting,creative writing,author","Develops and implements solutions in writing, editing, journalism, content creation, and publishing while maintaining high standards of professional excellence."
Lead Technical Writing Designer,writing_publishing,"Visual Communication,Editor,Editing,Blogging,Creativity,Content,Copywriting","high_openness,moderate_extraversion,moderate_conscientiousness","articles,creative writing,blogging,writing,publishing,journalism,author,technical writing,editing","Specializes in writing, editing, journalism, content creation, and publishing with focus on delivering high-quality results and innovative solutions."
Creative Writing Coordinator,writing_publishing,"Creative Writing,Technical Writing,Creativity,Journalism,Articles,Adobe Creative Suite,Editing","high_extraversion,high_conscientiousness,high_openness","writing,articles,content,editing,copywriting,technical writing,creative writing,blogging,author","Applies specialized knowledge in writing, editing, journalism, content creation, and publishing to solve complex problems and drive organizational success."
Freelance Editing Artist,writing_publishing,"Content,Writing,Blogging,Visual Communication,Attention to Detail,Creativity,Publishing","high_openness,moderate_extraversion,moderate_conscientiousness","copywriting,articles,blogging,content,editing,technical writing,writing,publishing,author","Works in writing, editing, journalism, content creation, and publishing field, providing expertise and professional services to clients and organizations."
Articles Designer,writing_publishing,"Visual Communication,Editor,Creativity,Adobe Creative Suite,Writing,Editing,Author","high_openness,moderate_extraversion,moderate_conscientiousness","publishing,blogging,editing,author,copywriting,articles,content,creative writing,writing","Develops and implements solutions in writing, editing, journalism, content creation, and publishing while maintaining high standards of professional excellence."
Publishing Artist,writing_publishing,"Creativity,Adobe Creative Suite,Editor,Articles,Attention to Detail,Author,Visual Communication","high_openness,moderate_extraversion,moderate_conscientiousness","content,editing,publishing,author,articles,copywriting,technical writing,writing,journalism","Develops and implements solutions in writing, editing, journalism, content creation, and publishing while maintaining high standards of professional excellence."
Publishing Creator,writing_publishing,"Visual Communication,Content,Articles,Creativity,Editor,Adobe Creative Suite,Publishing","high_openness,moderate_extraversion,moderate_conscientiousness","writing,content,creative writing,editor,blogging,publishing,articles,author,editing","Applies specialized knowledge in writing, editing, journalism, content creation, and publishing to solve complex problems and drive organizational success."
Technical Writing Director,writing_publishing,"Articles,Editing,Author,Adobe Creative Suite,Attention to Detail,Visual Communication,Creative Writing","high_extraversion,high_conscientiousness,high_openness","copywriting,publishing,content,blogging,journalism,author,writing,articles,technical writing","Contributes to writing, editing, journalism, content creation, and publishing through technical expertise, strategic thinking, and collaborative teamwork."
Content Producer,writing_publishing,"Technical Writing,Publishing,Copywriting,Visual Communication,Attention to Detail,Editor,Writing","high_openness,moderate_extraversion,moderate_conscientiousness","articles,editing,technical writing,content,writing,author,journalism,publishing,blogging","Contributes to writing, editing, journalism, content creation, and publishing through technical expertise, strategic thinking, and collaborative teamwork."
Publishing Manager,writing_publishing,"Attention to Detail,Copywriting,Creative Writing,Articles,Content,Adobe Creative Suite,Writing","high_extraversion,high_conscientiousness,high_openness","copywriting,content,technical writing,editor,articles,creative writing,author,writing,editing","Applies specialized knowledge in writing, editing, journalism, content creation, and publishing to solve complex problems and drive organizational success."
Senior Articles Designer,writing_publishing,"Attention to Detail,Editor,Content,Journalism,Copywriting,Creativity,Visual Communication","high_openness,moderate_extraversion,moderate_conscientiousness","journalism,editing,author,content,creative writing,publishing,articles,copywriting,editor","Specializes in writing, editing, journalism, content creation, and publishing with focus on delivering high-quality results and innovative solutions."
Film Designer,film_video_production,"Adobe Creative Suite,Premiere,Production,Documentary,Director,Visual Communication,Creativity","high_openness,moderate_extraversion,moderate_conscientiousness","documentary,post-production,editing,video,cinematography,film,director,filming,camera","Specializes in filmmaking, video production, cinematography, and post-production with focus on delivering high-quality results and innovative solutions."
Video Artist,film_video_production,"Movie,Visual Communication,Director,Cinematography,Creativity,Attention to Detail,Post-Production","high_openness,moderate_extraversion,moderate_conscientiousness","video,director,film,premiere,post-production,videography,camera,production,cinematography","Delivers professional services in filmmaking, video production, cinematography, and post-production with emphasis on quality, efficiency, and client satisfaction."
Production Creator,film_video_production,"Videography,Production,Cinematography,Attention to Detail,Visual Communication,Adobe Creative Suite,Creativity","high_openness,moderate_extraversion,moderate_conscientiousness","post-production,movie,camera,director,cinematography,documentary,filming,premiere,videography","Contributes to filmmaking, video production, cinematography, and post-production through technical expertise, strategic thinking, and collaborative teamwork."
Cinematography Director,film_video_production,"Creativity,Director,Production,Attention to Detail,Film,Visual Communication,Videography","high_extraversion,high_conscientiousness,high_openness","production,videography,video,documentary,filming,camera,movie,premiere,film","Contributes to filmmaking, video production, cinematography, and post-production through technical expertise, strategic thinking, and collaborative teamwork."
Director Producer,film_video_production,"Visual Communication,Movie,Creativity,Videography,Camera,Attention to Detail,Premiere","high_extraversion,high_conscientiousness,high_openness","documentary,camera,film,filming,cinematography,editing,director,video,post-production","Leads initiatives in filmmaking, video production, cinematography, and post-production ensuring best practices and continuous improvement in operations."
Editing Manager,film_video_production,"Attention to Detail,Production,Visual Communication,Film,Cinematography,Adobe Creative Suite,Creativity","high_extraversion,high_conscientiousness,high_openness","premiere,filming,editing,post-production,cinematography,director,documentary,production,film","Delivers professional services in filmmaking, video production, cinematography, and post-production with emphasis on quality, efficiency, and client satisfaction."
Senior Camera Designer,film_video_production,"Attention to Detail,Director,Creativity,Post-Production,Filming,Production,Adobe Creative Suite","high_openness,moderate_extraversion,moderate_conscientiousness","post-production,cinematography,film,production,movie,director,filming,video,camera","Specializes in filmmaking, video production, cinematography, and post-production with focus on delivering high-quality results and innovative solutions."
Filming Specialist,film_video_production,"Videography,Adobe Creative Suite,Film,Visual Communication,Attention to Detail,Video,Post-Production","high_openness,high_conscientiousness,moderate_extraversion","filming,editing,videography,video,film,director,documentary,post-production,movie","Provides expert-level support in filmmaking, video production, cinematography, and post-production combining technical skills with strong communication abilities."
Lead Post-Production Designer,film_video_production,"Videography,Creativity,Attention to Detail,Premiere,Movie,Visual Communication,Production","high_openness,moderate_extraversion,moderate_conscientiousness","editing,filming,film,premiere,post-production,director,documentary,video,cinematography","Works in filmmaking, video production, cinematography, and post-production field, providing expertise and professional services to clients and organizations."
Premiere Coordinator,film_video_production,"Editing,Adobe Creative Suite,Creativity,Attention to Detail,Cinematography,Filming,Visual Communication","high_extraversion,high_conscientiousness,high_openness","movie,editing,film,filming,documentary,videography,video,post-production,production","Delivers professional services in filmmaking, video production, cinematography, and post-production with emphasis on quality, efficiency, and client satisfaction."
Freelance Videography Artist,film_video_production,"Documentary,Creativity,Visual Communication,Video,Filming,Production,Attention to Detail","high_openness,moderate_extraversion,moderate_conscientiousness","production,premiere,editing,videography,camera,director,post-production,video,filming","Contributes to filmmaking, video production, cinematography, and post-production through technical expertise, strategic thinking, and collaborative teamwork."
Documentary Designer,film_video_production,"Post-Production,Visual Communication,Premiere,Film,Cinematography,Creativity,Camera","high_openness,moderate_extraversion,moderate_conscientiousness","cinematography,movie,film,filming,videography,premiere,director,documentary,camera","Develops and implements solutions in filmmaking, video production, cinematography, and post-production while maintaining high standards of professional excellence."
Movie Artist,film_video_production,"Filming,Movie,Adobe Creative Suite,Post-Production,Visual Communication,Camera,Creativity","high_openness,moderate_extraversion,moderate_conscientiousness","post-production,director,production,cinematography,premiere,editing,film,camera,movie","Works in filmmaking, video production, cinematography, and post-production field, providing expertise and professional services to clients and organizations."
Documentary Creator,film_video_production,"Creativity,Post-Production,Editing,Attention to Detail,Premiere,Video,Adobe Creative Suite","high_openness,moderate_extraversion,moderate_conscientiousness","cinematography,movie,camera,video,filming,film,videography,premiere,director","Specializes in filmmaking, video production, cinematography, and post-production with focus on delivering high-quality results and innovative solutions."
Premiere Director,film_video_production,"Attention to Detail,Visual Communication,Adobe Creative Suite,Creativity,Post-Production,Production,Camera","high_extraversion,high_conscientiousness,high_openness","videography,cinematography,movie,film,production,video,editing,premiere,documentary","Delivers professional services in filmmaking, video production, cinematography, and post-production with emphasis on quality, efficiency, and client satisfaction."
Videography Producer,film_video_production,"Visual Communication,Camera,Attention to Detail,Creativity,Documentary,Adobe Creative Suite,Filming","high_openness,moderate_extraversion,moderate_conscientiousness","director,premiere,videography,film,filming,cinematography,editing,video,camera","Leads initiatives in filmmaking, video production, cinematography, and post-production ensuring best practices and continuous improvement in operations."
Director Manager,film_video_production,"Movie,Cinematography,Visual Communication,Film,Attention to Detail,Camera,Adobe Creative Suite","high_extraversion,high_conscientiousness,high_openness","video,filming,movie,premiere,production,documentary,director,post-production,videography","Applies specialized knowledge in filmmaking, video production, cinematography, and post-production to solve complex problems and drive organizational success."
Senior Video Designer,film_video_production,"Movie,Filming,Attention to Detail,Cinematography,Adobe Creative Suite,Editing,Visual Communication","high_openness,moderate_extraversion,moderate_conscientiousness","film,documentary,post-production,editing,camera,premiere,production,director,videography","Specializes in filmmaking, video production, cinematography, and post-production with focus on delivering high-quality results and innovative solutions."
Music Designer,music_audio,"Recording,Studio,Creativity,Sound,Visual Communication,Adobe Creative Suite,Dj","high_openness,moderate_extraversion,moderate_conscientiousness","audio engineering,recording,audio,production,studio,mastering,mixing,sound design,dj","Develops and implements solutions in music production, audio engineering, sound design, and music performance while maintaining high standards of professional excellence."
Audio Artist,music_audio,"Musician,Adobe Creative Suite,Visual Communication,Attention to Detail,Creativity,Music,Audio Engineering","high_openness,moderate_extraversion,moderate_conscientiousness","production,sound design,mixing,sound,audio,dj,musician,composer,recording","Works in music production, audio engineering, sound design, and music performance field, providing expertise and professional services to clients and organizations."
Sound Creator,music_audio,"Adobe Creative Suite,Creativity,Dj,Visual Communication,Attention to Detail,Music,Mastering","high_openness,moderate_extraversion,moderate_conscientiousness","recording,dj,audio engineering,mastering,music,sound,musician,audio,production","Specializes in music production, audio engineering, sound design, and music performance with focus on delivering high-quality results and innovative solutions."
Production Director,music_audio,"Composer,Mastering,Visual Communication,Production,Adobe Creative Suite,Sound,Attention to Detail","high_extraversion,high_conscientiousness,high_openness","mastering,composer,production,studio,music,musician,mixing,dj,audio","Provides expert-level support in music production, audio engineering, sound design, and music performance combining technical skills with strong communication abilities."
Recording Producer,music_audio,"Mixing,Studio,Creativity,Adobe Creative Suite,Musician,Visual Communication,Attention to Detail","high_openness,moderate_extraversion,moderate_conscientiousness","dj,recording,audio,music,audio engineering,mastering,sound,studio,production","Works in music production, audio engineering, sound design, and music performance field, providing expertise and professional services to clients and organizations."
Mixing Manager,music_audio,"Adobe Creative Suite,Music,Visual Communication,Composer,Creativity,Sound Design,Attention to Detail","high_extraversion,high_conscientiousness,high_openness","audio engineering,composer,sound,audio,mastering,production,musician,sound design,mixing","Specializes in music production, audio engineering, sound design, and music performance with focus on delivering high-quality results and innovative solutions."
Senior Mastering Designer,music_audio,"Sound,Composer,Adobe Creative Suite,Attention to Detail,Music,Dj,Visual Communication","high_openness,moderate_extraversion,moderate_conscientiousness","studio,mastering,composer,mixing,production,musician,audio,sound,recording","Contributes to music production, audio engineering, sound design, and music performance through technical expertise, strategic thinking, and collaborative teamwork."
Composer Specialist,music_audio,"Attention to Detail,Sound Design,Production,Composer,Studio,Audio Engineering,Creativity","high_openness,high_conscientiousness,moderate_extraversion","mastering,recording,audio engineering,sound design,composer,mixing,dj,sound,audio","Leads initiatives in music production, audio engineering, sound design, and music performance ensuring best practices and continuous improvement in operations."
Lead Musician Designer,music_audio,"Attention to Detail,Composer,Studio,Visual Communication,Adobe Creative Suite,Sound,Creativity","high_openness,moderate_extraversion,moderate_conscientiousness","composer,audio engineering,dj,sound design,mixing,mastering,sound,production,musician","Contributes to music production, audio engineering, sound design, and music performance through technical expertise, strategic thinking, and collaborative teamwork."
Sound Design Coordinator,music_audio,"Adobe Creative Suite,Creativity,Mastering,Attention to Detail,Visual Communication,Musician,Mixing","high_extraversion,high_conscientiousness,high_openness","composer,musician,recording,studio,sound design,mixing,mastering,dj,audio engineering","Delivers professional services in music production, audio engineering, sound design, and music performance with emphasis on quality, efficiency, and client satisfaction."
Freelance Audio Engineering Artist,music_audio,"Studio,Creativity,Audio Engineering,Visual Communication,Attention to Detail,Musician,Mastering","high_openness,moderate_extraversion,moderate_conscientiousness","sound,mastering,recording,production,studio,musician,audio,sound design,dj","Applies specialized knowledge in music production, audio engineering, sound design, and music performance to solve complex problems and drive organizational success."
Studio Designer,music_audio,"Sound,Dj,Audio Engineering,Attention to Detail,Musician,Adobe Creative Suite,Visual Communication","high_openness,moderate_extraversion,moderate_conscientiousness","musician,music,composer,audio engineering,production,mixing,recording,sound design,dj","Specializes in music production, audio engineering, sound design, and music performance with focus on delivering high-quality results and innovative solutions."
Dj Artist,music_audio,"Attention to Detail,Visual Communication,Creativity,Studio,Musician,Recording,Adobe Creative Suite","high_openness,moderate_extraversion,moderate_conscientiousness","mastering,composer,sound design,audio engineering,dj,production,sound,mixing,studio","Develops and implements solutions in music production, audio engineering, sound design, and music performance while maintaining high standards of professional excellence."
Audio Engineering Creator,music_audio,"Visual Communication,Sound Design,Studio,Mastering,Music,Adobe Creative Suite,Dj","high_openness,moderate_extraversion,moderate_conscientiousness","dj,mixing,sound,recording,musician,studio,audio engineering,mastering,audio","Leads initiatives in music production, audio engineering, sound design, and music performance ensuring best practices and continuous improvement in operations."
Production Director,music_audio,"Visual Communication,Creativity,Audio,Audio Engineering,Adobe Creative Suite,Sound,Music","high_extraversion,high_conscientiousness,high_openness","dj,composer,studio,mastering,sound design,audio,recording,sound,musician","Develops and implements solutions in music production, audio engineering, sound design, and music performance while maintaining high standards of professional excellence."
Theater Designer,performing_arts,"Stage,Acting,Visual Communication,Attention to Detail,Creativity,Dance,Adobe Creative Suite","high_openness,moderate_extraversion,moderate_conscientiousness","performer,entertainment,performance,opera,drama,contemporary dance,acting,choreography,ballet","Applies specialized knowledge in theater, dance, performance, entertainment, and live arts to solve complex problems and drive organizational success."
Acting Artist,performing_arts,"Attention to Detail,Stage,Theater,Entertainment,Contemporary Dance,Visual Communication,Adobe Creative Suite","high_openness,moderate_extraversion,moderate_conscientiousness","broadway,ballet,stage,drama,theater,dance,contemporary dance,choreography,opera","Applies specialized knowledge in theater, dance, performance, entertainment, and live arts to solve complex problems and drive organizational success."
Dance Creator,performing_arts,"Attention to Detail,Contemporary Dance,Acting,Adobe Creative Suite,Stage,Creativity,Visual Communication","high_openness,moderate_extraversion,moderate_conscientiousness","theater,performance,entertainment,performer,dance,broadway,acting,choreography,stage","Specializes in theater, dance, performance, entertainment, and live arts with focus on delivering high-quality results and innovative solutions."
Performance Director,performing_arts,"Adobe Creative Suite,Stage,Attention to Detail,Creativity,Visual Communication,Drama,Performance","high_extraversion,high_conscientiousness,high_openness","dance,opera,ballet,drama,broadway,stage,choreography,performance,contemporary dance","Leads initiatives in theater, dance, performance, entertainment, and live arts ensuring best practices and continuous improvement in operations."
Stage Producer,performing_arts,"Attention to Detail,Creativity,Performer,Adobe Creative Suite,Visual Communication,Stage,Choreography","high_openness,moderate_extraversion,moderate_conscientiousness","contemporary dance,drama,performer,entertainment,theater,stage,choreography,ballet,dance","Specializes in theater, dance, performance, entertainment, and live arts with focus on delivering high-quality results and innovative solutions."
Choreography Manager,performing_arts,"Theater,Creativity,Entertainment,Acting,Adobe Creative Suite,Visual Communication,Attention to Detail","high_extraversion,high_conscientiousness,high_openness","contemporary dance,dance,choreography,entertainment,drama,acting,theater,stage,ballet","Works in theater, dance, performance, entertainment, and live arts field, providing expertise and professional services to clients and organizations."
Senior Broadway Designer,performing_arts,"Attention to Detail,Creativity,Visual Communication,Choreography,Opera,Stage,Adobe Creative Suite","high_openness,moderate_extraversion,moderate_conscientiousness","performer,theater,stage,drama,opera,ballet,dance,broadway,contemporary dance","Works in theater, dance, performance, entertainment, and live arts field, providing expertise and professional services to clients and organizations."
Performer Specialist,performing_arts,"Creativity,Adobe Creative Suite,Dance,Attention to Detail,Theater,Stage,Visual Communication","high_openness,high_conscientiousness,moderate_extraversion","choreography,stage,performer,entertainment,broadway,opera,ballet,theater,drama","Delivers professional services in theater, dance, performance, entertainment, and live arts with emphasis on quality, efficiency, and client satisfaction."
Lead Entertainment Designer,performing_arts,"Visual Communication,Adobe Creative Suite,Choreography,Entertainment,Creativity,Performance,Theater","high_openness,moderate_extraversion,moderate_conscientiousness","entertainment,theater,choreography,ballet,acting,performer,performance,broadway,stage","Applies specialized knowledge in theater, dance, performance, entertainment, and live arts to solve complex problems and drive organizational success."
Drama Coordinator,performing_arts,"Creativity,Performance,Adobe Creative Suite,Acting,Choreography,Entertainment,Attention to Detail","high_extraversion,high_conscientiousness,high_openness","drama,broadway,contemporary dance,choreography,performance,performer,dance,ballet,acting","Provides expert-level support in theater, dance, performance, entertainment, and live arts combining technical skills with strong communication abilities."
Freelance Ballet Artist,performing_arts,"Performance,Adobe Creative Suite,Broadway,Creativity,Ballet,Attention to Detail,Visual Communication","high_openness,moderate_extraversion,moderate_conscientiousness","contemporary dance,dance,performance,choreography,ballet,opera,acting,theater,performer","Develops and implements solutions in theater, dance, performance, entertainment, and live arts while maintaining high standards of professional excellence."
Contemporary Dance Designer,performing_arts,"Adobe Creative Suite,Attention to Detail,Dance,Creativity,Entertainment,Drama,Choreography","high_openness,moderate_extraversion,moderate_conscientiousness","choreography,opera,entertainment,broadway,ballet,performer,drama,stage,contemporary dance","Applies specialized knowledge in theater, dance, performance, entertainment, and live arts to solve complex problems and drive organizational success."
Opera Artist,performing_arts,"Choreography,Visual Communication,Drama,Creativity,Attention to Detail,Dance,Stage","high_openness,moderate_extraversion,moderate_conscientiousness","opera,theater,performer,contemporary dance,broadway,entertainment,ballet,performance,stage","Provides expert-level support in theater, dance, performance, entertainment, and live arts combining technical skills with strong communication abilities."
Theater Creator,performing_arts,"Choreography,Performer,Creativity,Attention to Detail,Acting,Drama,Visual Communication","high_openness,moderate_extraversion,moderate_conscientiousness","drama,acting,ballet,entertainment,stage,opera,performance,choreography,dance","Works in theater, dance, performance, entertainment, and live arts field, providing expertise and professional services to clients and organizations."
Stage Director,performing_arts,"Performer,Visual Communication,Adobe Creative Suite,Attention to Detail,Stage,Creativity,Acting","high_extraversion,high_conscientiousness,high_openness","drama,performer,choreography,acting,theater,opera,ballet,performance,broadway","Applies specialized knowledge in theater, dance, performance, entertainment, and live arts to solve complex problems and drive organizational success."
Teaching Specialist,academic_education,"Customer Service,Organization,Problem Solving,School,Curriculum,Teacher,Education","high_openness,high_conscientiousness,high_agreeableness","pedagogy,teaching,university,learning,classroom,teacher,academic,education,students","Delivers professional services in k-12 teaching, higher education, curriculum development, and academic administration with emphasis on quality, efficiency, and client satisfaction."
Education Manager,academic_education,"Customer Service,Problem Solving,University,Communication,Students,Classroom,Organization","high_extraversion,high_conscientiousness,high_agreeableness","learning,university,teaching,curriculum,education,instruction,teacher,pedagogy,school","Develops and implements solutions in k-12 teaching, higher education, curriculum development, and academic administration while maintaining high standards of professional excellence."
Teacher Coordinator,academic_education,"Customer Service,Teaching,Classroom,Instruction,Communication,Learning,Problem Solving","high_extraversion,high_conscientiousness,high_agreeableness","teaching,instruction,classroom,professor,teacher,education,university,learning,curriculum","Specializes in k-12 teaching, higher education, curriculum development, and academic administration with focus on delivering high-quality results and innovative solutions."
Professor Supervisor,academic_education,"Communication,Problem Solving,Curriculum,Customer Service,Pedagogy,Teacher,Instruction","high_extraversion,high_conscientiousness,high_agreeableness","teaching,education,school,academic,teacher,curriculum,pedagogy,instruction,professor","Specializes in k-12 teaching, higher education, curriculum development, and academic administration with focus on delivering high-quality results and innovative solutions."
Curriculum Associate,academic_education,"Communication,Pedagogy,School,Academic,Organization,Customer Service,Teaching","high_openness,high_conscientiousness,high_agreeableness","teaching,instruction,education,classroom,learning,professor,university,curriculum,teacher","Applies specialized knowledge in k-12 teaching, higher education, curriculum development, and academic administration to solve complex problems and drive organizational success."
Senior Classroom Specialist,academic_education,"Students,Teacher,Customer Service,Organization,Education,Problem Solving,Curriculum","high_openness,high_conscientiousness,high_agreeableness","teaching,academic,university,pedagogy,school,classroom,instruction,education,students","Applies specialized knowledge in k-12 teaching, higher education, curriculum development, and academic administration to solve complex problems and drive organizational success."
Academic Consultant,academic_education,"School,Pedagogy,University,Problem Solving,Customer Service,Organization,Teaching","high_openness,high_conscientiousness,high_agreeableness","students,university,pedagogy,curriculum,teaching,school,education,professor,instruction","Specializes in k-12 teaching, higher education, curriculum development, and academic administration with focus on delivering high-quality results and innovative solutions."
Instruction Director,academic_education,"Instruction,Teacher,Problem Solving,Communication,Classroom,Organization,Customer Service","high_extraversion,high_conscientiousness,high_agreeableness","professor,academic,instruction,education,teaching,teacher,classroom,curriculum,university","Delivers professional services in k-12 teaching, higher education, curriculum development, and academic administration with emphasis on quality, efficiency, and client satisfaction."
Pedagogy Representative,academic_education,"Customer Service,School,Teaching,Instruction,Students,Education,Organization","high_agreeableness,high_extraversion,moderate_conscientiousness","pedagogy,instruction,school,academic,teacher,curriculum,teaching,learning,classroom","Leads initiatives in k-12 teaching, higher education, curriculum development, and academic administration ensuring best practices and continuous improvement in operations."
Learning Agent,academic_education,"Problem Solving,Customer Service,Organization,Learning,Academic,Communication,Curriculum","high_agreeableness,high_extraversion,moderate_conscientiousness","school,teaching,university,pedagogy,students,education,teacher,curriculum,classroom","Develops and implements solutions in k-12 teaching, higher education, curriculum development, and academic administration while maintaining high standards of professional excellence."
School Specialist,academic_education,"Teaching,Students,Communication,Classroom,Customer Service,Organization,Pedagogy","high_openness,high_conscientiousness,high_agreeableness","classroom,pedagogy,academic,school,curriculum,university,teacher,learning,education","Applies specialized knowledge in k-12 teaching, higher education, curriculum development, and academic administration to solve complex problems and drive organizational success."
University Manager,academic_education,"University,Problem Solving,Learning,Communication,Students,Organization,Customer Service","high_extraversion,high_conscientiousness,high_agreeableness","teaching,classroom,curriculum,education,university,academic,school,pedagogy,professor","Specializes in k-12 teaching, higher education, curriculum development, and academic administration with focus on delivering high-quality results and innovative solutions."
Students Coordinator,academic_education,"Curriculum,Customer Service,University,Classroom,Organization,Communication,Instruction","high_extraversion,high_conscientiousness,high_agreeableness","instruction,pedagogy,students,curriculum,school,university,academic,teacher,learning","Develops and implements solutions in k-12 teaching, higher education, curriculum development, and academic administration while maintaining high standards of professional excellence."
Students Supervisor,academic_education,"Classroom,Customer Service,Communication,Academic,Professor,Problem Solving,Learning","high_extraversion,high_conscientiousness,high_agreeableness","curriculum,education,teaching,pedagogy,students,academic,instruction,learning,school","Specializes in k-12 teaching, higher education, curriculum development, and academic administration with focus on delivering high-quality results and innovative solutions."
Students Associate,academic_education,"Teaching,Pedagogy,Curriculum,Teacher,Communication,Customer Service,Problem Solving","high_openness,high_conscientiousness,high_agreeableness","pedagogy,academic,education,students,classroom,teaching,learning,school,instruction","Works in k-12 teaching, higher education, curriculum development, and academic administration field, providing expertise and professional services to clients and organizations."
Senior Teacher Specialist,academic_education,"Teaching,Customer Service,Classroom,Communication,Teacher,Problem Solving,Pedagogy","high_openness,high_conscientiousness,high_agreeableness","learning,education,pedagogy,teaching,professor,university,academic,instruction,classroom","Provides expert-level support in k-12 teaching, higher education, curriculum development, and academic administration combining technical skills with strong communication abilities."
Education Consultant,academic_education,"Teaching,Students,Organization,Customer Service,Problem Solving,Teacher,School","high_openness,high_conscientiousness,high_agreeableness","school,curriculum,instruction,classroom,teacher,education,students,professor,academic","Contributes to k-12 teaching, higher education, curriculum development, and academic administration through technical expertise, strategic thinking, and collaborative teamwork."
Curriculum Director,academic_education,"School,Teaching,Learning,Students,Communication,Customer Service,Professor","high_extraversion,high_conscientiousness,high_agreeableness","learning,teacher,academic,curriculum,pedagogy,school,professor,classroom,teaching","Develops and implements solutions in k-12 teaching, higher education, curriculum development, and academic administration while maintaining high standards of professional excellence."
Training Specialist,corporate_training,"Problem Solving,Corporate Training,Skills Training,Customer Service,Employee Development,Learning,Organization","high_openness,high_conscientiousness,high_agreeableness","training,coaching,corporate training,learning,professional development,workshop,employee development,skills training,leadership development","Delivers professional services in employee training, professional development, and organizational learning with emphasis on quality, efficiency, and client satisfaction."
Professional Development Manager,corporate_training,"Training,Employee Development,Problem Solving,Coaching,Customer Service,Learning,Organization","high_extraversion,high_conscientiousness,high_agreeableness","coaching,professional development,training,skills training,corporate training,facilitation,learning,leadership development,workshop","Contributes to employee training, professional development, and organizational learning through technical expertise, strategic thinking, and collaborative teamwork."
Corporate Training Coordinator,corporate_training,"Professional Development,Problem Solving,Training,Leadership Development,Learning,Skills Training,Organization","high_extraversion,high_conscientiousness,high_agreeableness","learning,employee development,corporate training,leadership development,professional development,workshop,skills training,coaching,training","Provides expert-level support in employee training, professional development, and organizational learning combining technical skills with strong communication abilities."
Learning Supervisor,corporate_training,"Organization,Training,Problem Solving,Customer Service,Communication,Facilitation,Leadership Development","high_extraversion,high_conscientiousness,high_agreeableness","facilitation,training,professional development,learning,employee development,skills training,leadership development,workshop,corporate training","Contributes to employee training, professional development, and organizational learning through technical expertise, strategic thinking, and collaborative teamwork."
Workshop Associate,corporate_training,"Communication,Workshop,Learning,Training,Coaching,Problem Solving,Customer Service","high_openness,high_conscientiousness,high_agreeableness","professional development,leadership development,employee development,facilitation,training,coaching,learning,skills training,corporate training","Applies specialized knowledge in employee training, professional development, and organizational learning to solve complex problems and drive organizational success."
Senior Employee Development Specialist,corporate_training,"Learning,Employee Development,Facilitation,Workshop,Problem Solving,Communication,Training","high_openness,high_conscientiousness,high_agreeableness","professional development,employee development,workshop,training,leadership development,corporate training,facilitation,coaching,learning","Leads initiatives in employee training, professional development, and organizational learning ensuring best practices and continuous improvement in operations."
Skills Training Consultant,corporate_training,"Skills Training,Professional Development,Problem Solving,Communication,Workshop,Learning,Customer Service","high_openness,high_conscientiousness,high_agreeableness","employee development,coaching,facilitation,workshop,leadership development,learning,corporate training,professional development,skills training","Specializes in employee training, professional development, and organizational learning with focus on delivering high-quality results and innovative solutions."
Coaching Director,corporate_training,"Facilitation,Professional Development,Communication,Workshop,Organization,Problem Solving,Customer Service","high_extraversion,high_conscientiousness,high_agreeableness","leadership development,professional development,coaching,facilitation,corporate training,workshop,learning,training,employee development","Applies specialized knowledge in employee training, professional development, and organizational learning to solve complex problems and drive organizational success."
Facilitation Representative,corporate_training,"Customer Service,Problem Solving,Workshop,Facilitation,Learning,Employee Development,Organization","high_agreeableness,high_extraversion,moderate_conscientiousness","workshop,employee development,facilitation,leadership development,corporate training,learning,coaching,training,professional development","Applies specialized knowledge in employee training, professional development, and organizational learning to solve complex problems and drive organizational success."
Leadership Development Agent,corporate_training,"Customer Service,Leadership Development,Employee Development,Communication,Problem Solving,Professional Development,Organization","high_agreeableness,high_extraversion,moderate_conscientiousness","leadership development,workshop,employee development,corporate training,training,learning,professional development,facilitation,skills training","Delivers professional services in employee training, professional development, and organizational learning with emphasis on quality, efficiency, and client satisfaction."
Leadership Development Specialist,corporate_training,"Customer Service,Organization,Professional Development,Communication,Problem Solving,Employee Development,Skills Training","high_openness,high_conscientiousness,high_agreeableness","leadership development,professional development,workshop,skills training,facilitation,employee development,training,corporate training,coaching","Provides expert-level support in employee training, professional development, and organizational learning combining technical skills with strong communication abilities."
Learning Manager,corporate_training,"Organization,Problem Solving,Customer Service,Leadership Development,Training,Professional Development,Coaching","high_extraversion,high_conscientiousness,high_agreeableness","skills training,leadership development,training,facilitation,professional development,workshop,corporate training,employee development,learning","Leads initiatives in employee training, professional development, and organizational learning ensuring best practices and continuous improvement in operations."
Edtech Engineer,educational_technology,"Educational Technology,Problem Solving,Technical Communication,Edtech,Documentation,Learning Platforms,Teamwork","high_conscientiousness,moderate_openness,moderate_agreeableness","learning platforms,course development,online learning,educational software,edtech,mooc,digital learning,educational technology,instructional design","Leads initiatives in e-learning, instructional design, educational software, and learning platforms ensuring best practices and continuous improvement in operations."
Elearning Developer,educational_technology,"Documentation,Edtech,Instructional Design,Technical Communication,Educational Technology,Learning Platforms,Teamwork","high_conscientiousness,moderate_openness,moderate_agreeableness","learning platforms,educational software,elearning,lms,digital learning,online learning,instructional design,educational technology,mooc","Contributes to e-learning, instructional design, educational software, and learning platforms through technical expertise, strategic thinking, and collaborative teamwork."
Instructional Design Architect,educational_technology,"Educational Software,Online Learning,Mooc,Technical Communication,Learning Platforms,Teamwork,Documentation","high_conscientiousness,moderate_openness,moderate_agreeableness","mooc,course development,digital learning,edtech,lms,learning platforms,elearning,online learning,educational technology","Contributes to e-learning, instructional design, educational software, and learning platforms through technical expertise, strategic thinking, and collaborative teamwork."
Online Learning Specialist,educational_technology,"Technical Communication,Documentation,Mooc,Problem Solving,Online Learning,Teamwork,Edtech","high_openness,high_conscientiousness,moderate_agreeableness","instructional design,online learning,educational software,edtech,mooc,digital learning,lms,elearning,learning platforms","Provides expert-level support in e-learning, instructional design, educational software, and learning platforms combining technical skills with strong communication abilities."
Lms Analyst,educational_technology,"Instructional Design,Digital Learning,Documentation,Technical Communication,Edtech,Problem Solving,Mooc","high_openness,high_conscientiousness,moderate_agreeableness","course development,edtech,elearning,digital learning,online learning,educational technology,learning platforms,lms,mooc","Leads initiatives in e-learning, instructional design, educational software, and learning platforms ensuring best practices and continuous improvement in operations."
Educational Technology Consultant,educational_technology,"Lms,Teamwork,Educational Software,Documentation,Technical Communication,Problem Solving,Instructional Design","high_openness,high_conscientiousness,moderate_agreeableness","educational technology,edtech,online learning,digital learning,instructional design,mooc,educational software,course development,lms","Contributes to e-learning, instructional design, educational software, and learning platforms through technical expertise, strategic thinking, and collaborative teamwork."
Digital Learning Manager,educational_technology,"Instructional Design,Documentation,Problem Solving,Elearning,Digital Learning,Online Learning,Teamwork","high_extraversion,high_conscientiousness,moderate_openness","instructional design,mooc,educational software,learning platforms,lms,edtech,online learning,educational technology,course development","Works in e-learning, instructional design, educational software, and learning platforms field, providing expertise and professional services to clients and organizations."
Lead Course Development Engineer,educational_technology,"Online Learning,Documentation,Technical Communication,Digital Learning,Problem Solving,Educational Software,Lms","high_conscientiousness,moderate_openness,moderate_agreeableness","educational technology,learning platforms,elearning,lms,mooc,digital learning,instructional design,educational software,course development","Develops and implements solutions in e-learning, instructional design, educational software, and learning platforms while maintaining high standards of professional excellence."
Senior Learning Platforms Developer,educational_technology,"Edtech,Educational Software,Digital Learning,Documentation,Problem Solving,Technical Communication,Teamwork","high_conscientiousness,moderate_openness,moderate_agreeableness","online learning,learning platforms,instructional design,edtech,educational software,lms,elearning,digital learning,mooc","Leads initiatives in e-learning, instructional design, educational software, and learning platforms ensuring best practices and continuous improvement in operations."
Mooc Administrator,educational_technology,"Course Development,Documentation,Technical Communication,Mooc,Elearning,Learning Platforms,Teamwork","high_conscientiousness,moderate_openness,moderate_agreeableness","online learning,learning platforms,educational technology,course development,educational software,mooc,elearning,digital learning,lms","Applies specialized knowledge in e-learning, instructional design, educational software, and learning platforms to solve complex problems and drive organizational success."
Educational Software Coordinator,educational_technology,"Learning Platforms,Edtech,Teamwork,Problem Solving,Course Development,Instructional Design,Technical Communication","high_extraversion,high_conscientiousness,moderate_openness","learning platforms,digital learning,lms,educational technology,course development,educational software,online learning,elearning,edtech","Applies specialized knowledge in e-learning, instructional design, educational software, and learning platforms to solve complex problems and drive organizational success."
Elearning Technician,educational_technology,"Mooc,Online Learning,Documentation,Teamwork,Technical Communication,Instructional Design,Problem Solving","high_conscientiousness,low_neuroticism,moderate_openness","educational software,learning platforms,digital learning,lms,instructional design,educational technology,online learning,mooc,course development","Leads initiatives in e-learning, instructional design, educational software, and learning platforms ensuring best practices and continuous improvement in operations."
Mechanical Engineer,mechanical_industrial,"Production,Assembly,Problem Solving,Industrial,Lean Manufacturing,Teamwork,Mechanical","high_conscientiousness,low_neuroticism,moderate_openness","cad,design,assembly,robotics,automation,production,mechanical,lean manufacturing,process engineering","Provides expert-level support in mechanical design, manufacturing, automation, and industrial systems combining technical skills with strong communication abilities."
Industrial Developer,mechanical_industrial,"Assembly,Machinery,Lean Manufacturing,Documentation,Manufacturing,Robotics,Teamwork","high_conscientiousness,moderate_openness,moderate_agreeableness","industrial,design,manufacturing,process engineering,assembly,production,lean manufacturing,cad,automation","Specializes in mechanical design, manufacturing, automation, and industrial systems with focus on delivering high-quality results and innovative solutions."
Manufacturing Architect,mechanical_industrial,"Machinery,Mechanical,Automation,Cad,Technical Communication,Problem Solving,Documentation","high_conscientiousness,moderate_openness,moderate_agreeableness","lean manufacturing,robotics,industrial,assembly,mechanical,machinery,production,manufacturing,process engineering","Specializes in mechanical design, manufacturing, automation, and industrial systems with focus on delivering high-quality results and innovative solutions."
Automation Specialist,mechanical_industrial,"Cad,Problem Solving,Technical Communication,Mechanical,Robotics,Documentation,Teamwork","high_openness,high_conscientiousness,moderate_agreeableness","process engineering,assembly,industrial,cad,machinery,design,mechanical,production,robotics","Applies specialized knowledge in mechanical design, manufacturing, automation, and industrial systems to solve complex problems and drive organizational success."
Cad Analyst,mechanical_industrial,"Technical Communication,Machinery,Documentation,Teamwork,Problem Solving,Mechanical,Production","high_openness,high_conscientiousness,moderate_agreeableness","production,cad,process engineering,industrial,robotics,automation,machinery,mechanical,assembly","Provides expert-level support in mechanical design, manufacturing, automation, and industrial systems combining technical skills with strong communication abilities."
Design Consultant,mechanical_industrial,"Documentation,Problem Solving,Assembly,Technical Communication,Design,Robotics,Teamwork","high_openness,high_conscientiousness,moderate_agreeableness","cad,mechanical,production,machinery,assembly,industrial,automation,robotics,design","Leads initiatives in mechanical design, manufacturing, automation, and industrial systems ensuring best practices and continuous improvement in operations."
Machinery Manager,mechanical_industrial,"Industrial,Mechanical,Process Engineering,Teamwork,Problem Solving,Documentation,Technical Communication","high_extraversion,high_conscientiousness,moderate_openness","automation,production,cad,manufacturing,lean manufacturing,machinery,mechanical,process engineering,industrial","Leads initiatives in mechanical design, manufacturing, automation, and industrial systems ensuring best practices and continuous improvement in operations."
Lead Production Engineer,mechanical_industrial,"Technical Communication,Problem Solving,Teamwork,Design,Machinery,Lean Manufacturing,Industrial","high_conscientiousness,moderate_openness,moderate_agreeableness","machinery,robotics,production,assembly,manufacturing,cad,automation,design,mechanical","Applies specialized knowledge in mechanical design, manufacturing, automation, and industrial systems to solve complex problems and drive organizational success."
Senior Assembly Developer,mechanical_industrial,"Documentation,Teamwork,Automation,Technical Communication,Production,Mechanical,Assembly","high_conscientiousness,moderate_openness,moderate_agreeableness","production,mechanical,automation,process engineering,cad,industrial,manufacturing,design,machinery","Provides expert-level support in mechanical design, manufacturing, automation, and industrial systems combining technical skills with strong communication abilities."
Robotics Administrator,mechanical_industrial,"Production,Process Engineering,Teamwork,Documentation,Industrial,Technical Communication,Lean Manufacturing","high_conscientiousness,moderate_openness,moderate_agreeableness","lean manufacturing,manufacturing,automation,process engineering,robotics,industrial,production,machinery,design","Applies specialized knowledge in mechanical design, manufacturing, automation, and industrial systems to solve complex problems and drive organizational success."
Process Engineering Coordinator,mechanical_industrial,"Mechanical,Documentation,Teamwork,Problem Solving,Lean Manufacturing,Automation,Manufacturing","high_extraversion,high_conscientiousness,moderate_openness","machinery,manufacturing,cad,mechanical,robotics,process engineering,industrial,lean manufacturing,automation","Applies specialized knowledge in mechanical design, manufacturing, automation, and industrial systems to solve complex problems and drive organizational success."
Lean Manufacturing Technician,mechanical_industrial,"Production,Mechanical,Process Engineering,Documentation,Problem Solving,Industrial,Technical Communication","high_conscientiousness,low_neuroticism,moderate_openness","mechanical,industrial,robotics,assembly,machinery,process engineering,lean manufacturing,design,manufacturing","Applies specialized knowledge in mechanical design, manufacturing, automation, and industrial systems to solve complex problems and drive organizational success."
Principal Machinery Engineer,mechanical_industrial,"Technical Communication,Automation,Mechanical,Teamwork,Problem Solving,Manufacturing,Design","high_conscientiousness,moderate_openness,moderate_agreeableness","industrial,process engineering,robotics,mechanical,machinery,production,design,assembly,cad","Delivers professional services in mechanical design, manufacturing, automation, and industrial systems with emphasis on quality, efficiency, and client satisfaction."
Machinery Designer,mechanical_industrial,"Documentation,Production,Cad,Machinery,Problem Solving,Teamwork,Process Engineering","high_openness,moderate_extraversion,high_conscientiousness","assembly,lean manufacturing,machinery,mechanical,cad,automation,robotics,process engineering,design","Applies specialized knowledge in mechanical design, manufacturing, automation, and industrial systems to solve complex problems and drive organizational success."
Automation Engineer,mechanical_industrial,"Problem Solving,Automation,Technical Communication,Documentation,Lean Manufacturing,Teamwork,Design","high_conscientiousness,moderate_openness,moderate_agreeableness","design,mechanical,robotics,industrial,machinery,cad,automation,production,process engineering","Delivers professional services in mechanical design, manufacturing, automation, and industrial systems with emphasis on quality, efficiency, and client satisfaction."
Process Engineering Developer,mechanical_industrial,"Documentation,Mechanical,Design,Problem Solving,Technical Communication,Process Engineering,Assembly","high_conscientiousness,moderate_openness,moderate_agreeableness","cad,machinery,robotics,process engineering,automation,assembly,design,lean manufacturing,production","Contributes to mechanical design, manufacturing, automation, and industrial systems through technical expertise, strategic thinking, and collaborative teamwork."
Lean Manufacturing Architect,mechanical_industrial,"Design,Cad,Teamwork,Problem Solving,Assembly,Technical Communication,Lean Manufacturing","high_conscientiousness,moderate_openness,moderate_agreeableness","mechanical,automation,cad,process engineering,manufacturing,industrial,assembly,design,production","Contributes to mechanical design, manufacturing, automation, and industrial systems through technical expertise, strategic thinking, and collaborative teamwork."
Cad Specialist,mechanical_industrial,"Teamwork,Design,Mechanical,Process Engineering,Documentation,Technical Communication,Problem Solving","high_openness,high_conscientiousness,moderate_agreeableness","manufacturing,robotics,mechanical,assembly,design,cad,automation,lean manufacturing,production","Leads initiatives in mechanical design, manufacturing, automation, and industrial systems ensuring best practices and continuous improvement in operations."
Civil Engineering Engineer,civil_construction,"Surveying,Problem Solving,Teamwork,Infrastructure,Building,Technical Communication,Roads","high_conscientiousness,moderate_openness,moderate_agreeableness","infrastructure,urban planning,concrete,civil engineering,roads,architecture,building,surveying,structural","Develops and implements solutions in civil engineering, construction, infrastructure, and structural design while maintaining high standards of professional excellence."
Construction Developer,civil_construction,"Project Management,Documentation,Problem Solving,Structural,Civil Engineering,Roads,Technical Communication","high_conscientiousness,moderate_openness,moderate_agreeableness","concrete,roads,surveying,project management,construction,architecture,bridges,structural,urban planning","Delivers professional services in civil engineering, construction, infrastructure, and structural design with emphasis on quality, efficiency, and client satisfaction."
Infrastructure Architect,civil_construction,"Roads,Documentation,Building,Bridges,Problem Solving,Architecture,Teamwork","high_conscientiousness,moderate_openness,moderate_agreeableness","building,construction,urban planning,surveying,bridges,infrastructure,roads,concrete,civil engineering","Provides expert-level support in civil engineering, construction, infrastructure, and structural design combining technical skills with strong communication abilities."
Structural Specialist,civil_construction,"Problem Solving,Documentation,Technical Communication,Infrastructure,Bridges,Architecture,Structural","high_openness,high_conscientiousness,moderate_agreeableness","infrastructure,construction,building,architecture,civil engineering,surveying,concrete,urban planning,bridges","Delivers professional services in civil engineering, construction, infrastructure, and structural design with emphasis on quality, efficiency, and client satisfaction."
Building Analyst,civil_construction,"Technical Communication,Documentation,Civil Engineering,Problem Solving,Urban Planning,Teamwork,Roads","high_openness,high_conscientiousness,moderate_agreeableness","civil engineering,bridges,project management,surveying,concrete,building,roads,infrastructure,urban planning","Develops and implements solutions in civil engineering, construction, infrastructure, and structural design while maintaining high standards of professional excellence."
Roads Consultant,civil_construction,"Surveying,Bridges,Technical Communication,Roads,Project Management,Teamwork,Documentation","high_openness,high_conscientiousness,moderate_agreeableness","urban planning,structural,project management,architecture,civil engineering,bridges,concrete,roads,infrastructure","Delivers professional services in civil engineering, construction, infrastructure, and structural design with emphasis on quality, efficiency, and client satisfaction."
Bridges Manager,civil_construction,"Infrastructure,Technical Communication,Project Management,Documentation,Building,Problem Solving,Teamwork","high_extraversion,high_conscientiousness,moderate_openness","surveying,architecture,concrete,infrastructure,building,roads,construction,civil engineering,bridges","Specializes in civil engineering, construction, infrastructure, and structural design with focus on delivering high-quality results and innovative solutions."
Lead Architecture Engineer,civil_construction,"Infrastructure,Surveying,Teamwork,Civil Engineering,Technical Communication,Architecture,Documentation","high_conscientiousness,moderate_openness,moderate_agreeableness","concrete,infrastructure,building,roads,bridges,structural,urban planning,construction,surveying","Works in civil engineering, construction, infrastructure, and structural design field, providing expertise and professional services to clients and organizations."
Senior Surveying Developer,civil_construction,"Urban Planning,Problem Solving,Technical Communication,Building,Architecture,Infrastructure,Surveying","high_conscientiousness,moderate_openness,moderate_agreeableness","project management,surveying,construction,bridges,building,infrastructure,roads,structural,concrete","Contributes to civil engineering, construction, infrastructure, and structural design through technical expertise, strategic thinking, and collaborative teamwork."
Urban Planning Administrator,civil_construction,"Teamwork,Building,Architecture,Roads,Problem Solving,Urban Planning,Technical Communication","high_conscientiousness,moderate_openness,moderate_agreeableness","civil engineering,project management,roads,construction,surveying,concrete,building,architecture,infrastructure","Applies specialized knowledge in civil engineering, construction, infrastructure, and structural design to solve complex problems and drive organizational success."
Concrete Coordinator,civil_construction,"Bridges,Urban Planning,Teamwork,Structural,Documentation,Surveying,Infrastructure","high_extraversion,high_conscientiousness,moderate_openness","concrete,bridges,construction,surveying,urban planning,infrastructure,roads,civil engineering,structural","Leads initiatives in civil engineering, construction, infrastructure, and structural design ensuring best practices and continuous improvement in operations."
Project Management Technician,civil_construction,"Surveying,Teamwork,Construction,Concrete,Technical Communication,Documentation,Civil Engineering","high_conscientiousness,low_neuroticism,moderate_openness","architecture,urban planning,structural,civil engineering,construction,roads,infrastructure,concrete,bridges","Works in civil engineering, construction, infrastructure, and structural design field, providing expertise and professional services to clients and organizations."
Principal Concrete Engineer,civil_construction,"Roads,Structural,Construction,Building,Technical Communication,Civil Engineering,Teamwork","high_conscientiousness,moderate_openness,moderate_agreeableness","bridges,construction,roads,surveying,concrete,infrastructure,structural,architecture,project management","Develops and implements solutions in civil engineering, construction, infrastructure, and structural design while maintaining high standards of professional excellence."
Project Management Designer,civil_construction,"Documentation,Bridges,Building,Teamwork,Architecture,Project Management,Technical Communication","high_openness,moderate_extraversion,high_conscientiousness","building,project management,bridges,infrastructure,surveying,urban planning,construction,roads,structural","Provides expert-level support in civil engineering, construction, infrastructure, and structural design combining technical skills with strong communication abilities."
Project Management Engineer,civil_construction,"Surveying,Structural,Roads,Bridges,Technical Communication,Problem Solving,Construction","high_conscientiousness,moderate_openness,moderate_agreeableness","bridges,project management,roads,civil engineering,concrete,infrastructure,urban planning,architecture,surveying","Provides expert-level support in civil engineering, construction, infrastructure, and structural design combining technical skills with strong communication abilities."
Construction Developer,civil_construction,"Teamwork,Documentation,Bridges,Architecture,Building,Project Management,Roads","high_conscientiousness,moderate_openness,moderate_agreeableness","infrastructure,urban planning,building,surveying,concrete,structural,project management,architecture,roads","Provides expert-level support in civil engineering, construction, infrastructure, and structural design combining technical skills with strong communication abilities."
Structural Architect,civil_construction,"Bridges,Documentation,Civil Engineering,Teamwork,Surveying,Roads,Construction","high_conscientiousness,moderate_openness,moderate_agreeableness","concrete,bridges,project management,surveying,building,construction,roads,structural,urban planning","Contributes to civil engineering, construction, infrastructure, and structural design through technical expertise, strategic thinking, and collaborative teamwork."
Roads Specialist,civil_construction,"Problem Solving,Civil Engineering,Documentation,Concrete,Infrastructure,Technical Communication,Teamwork","high_openness,high_conscientiousness,moderate_agreeableness","building,construction,project management,civil engineering,infrastructure,urban planning,structural,concrete,architecture","Contributes to civil engineering, construction, infrastructure, and structural design through technical expertise, strategic thinking, and collaborative teamwork."
Electrical Engineer,electrical_electronics_eng,"Electrical,Grid,Electronics,Technical Communication,Teamwork,Power Systems,Documentation","high_conscientiousness,moderate_openness,moderate_agreeableness","automation,circuits,power systems,renewable energy,generators,grid,power,electrical engineering,control systems","Provides expert-level support in electrical systems, power engineering, electronics, and control systems combining technical skills with strong communication abilities."
Electronics Developer,electrical_electronics_eng,"Electronics,Teamwork,Documentation,Generators,Problem Solving,Renewable Energy,Control Systems","high_conscientiousness,moderate_openness,moderate_agreeableness","power systems,generators,electrical,control systems,grid,electrical engineering,renewable energy,power,automation","Applies specialized knowledge in electrical systems, power engineering, electronics, and control systems to solve complex problems and drive organizational success."
Power Architect,electrical_electronics_eng,"Renewable Energy,Automation,Power,Documentation,Problem Solving,Technical Communication,Circuits","high_conscientiousness,moderate_openness,moderate_agreeableness","electrical engineering,renewable energy,generators,electrical,grid,power,automation,control systems,power systems","Delivers professional services in electrical systems, power engineering, electronics, and control systems with emphasis on quality, efficiency, and client satisfaction."
Circuits Specialist,electrical_electronics_eng,"Electrical,Grid,Documentation,Automation,Renewable Energy,Teamwork,Problem Solving","high_openness,high_conscientiousness,moderate_agreeableness","electrical,control systems,power systems,electronics,electrical engineering,grid,renewable energy,automation,generators","Works in electrical systems, power engineering, electronics, and control systems field, providing expertise and professional services to clients and organizations."
Control Systems Analyst,electrical_electronics_eng,"Renewable Energy,Control Systems,Electrical,Teamwork,Technical Communication,Problem Solving,Automation","high_openness,high_conscientiousness,moderate_agreeableness","grid,electrical engineering,power,electronics,control systems,power systems,generators,automation,renewable energy","Leads initiatives in electrical systems, power engineering, electronics, and control systems ensuring best practices and continuous improvement in operations."
Automation Consultant,electrical_electronics_eng,"Grid,Generators,Technical Communication,Renewable Energy,Teamwork,Documentation,Problem Solving","high_openness,high_conscientiousness,moderate_agreeableness","control systems,automation,generators,circuits,power,power systems,electrical engineering,electronics,renewable energy","Contributes to electrical systems, power engineering, electronics, and control systems through technical expertise, strategic thinking, and collaborative teamwork."
Electrical Engineering Manager,electrical_electronics_eng,"Technical Communication,Power,Power Systems,Problem Solving,Teamwork,Documentation,Generators","high_extraversion,high_conscientiousness,moderate_openness","power systems,grid,control systems,electrical engineering,circuits,power,automation,renewable energy,generators","Develops and implements solutions in electrical systems, power engineering, electronics, and control systems while maintaining high standards of professional excellence."
Lead Power Systems Engineer,electrical_electronics_eng,"Power Systems,Power,Technical Communication,Teamwork,Documentation,Problem Solving,Automation","high_conscientiousness,moderate_openness,moderate_agreeableness","power,grid,electrical engineering,power systems,electronics,generators,control systems,automation,circuits","Contributes to electrical systems, power engineering, electronics, and control systems through technical expertise, strategic thinking, and collaborative teamwork."
Senior Generators Developer,electrical_electronics_eng,"Control Systems,Grid,Automation,Problem Solving,Technical Communication,Power Systems,Documentation","high_conscientiousness,moderate_openness,moderate_agreeableness","electronics,renewable energy,automation,circuits,electrical engineering,grid,electrical,power systems,generators","Delivers professional services in electrical systems, power engineering, electronics, and control systems with emphasis on quality, efficiency, and client satisfaction."
Renewable Energy Administrator,electrical_electronics_eng,"Problem Solving,Electrical Engineering,Electrical,Power,Automation,Grid,Technical Communication","high_conscientiousness,moderate_openness,moderate_agreeableness","electrical,power systems,grid,electrical engineering,automation,power,generators,renewable energy,electronics","Develops and implements solutions in electrical systems, power engineering, electronics, and control systems while maintaining high standards of professional excellence."
Grid Coordinator,electrical_electronics_eng,"Technical Communication,Documentation,Electrical Engineering,Automation,Circuits,Power Systems,Control Systems","high_extraversion,high_conscientiousness,moderate_openness","electrical,grid,power systems,circuits,control systems,electronics,power,generators,renewable energy","Specializes in electrical systems, power engineering, electronics, and control systems with focus on delivering high-quality results and innovative solutions."
Power Technician,electrical_electronics_eng,"Teamwork,Problem Solving,Grid,Electrical,Electronics,Documentation,Renewable Energy","high_conscientiousness,low_neuroticism,moderate_openness","power,electronics,renewable energy,circuits,automation,electrical engineering,grid,control systems,generators","Contributes to electrical systems, power engineering, electronics, and control systems through technical expertise, strategic thinking, and collaborative teamwork."
Principal Electronics Engineer,electrical_electronics_eng,"Circuits,Automation,Control Systems,Documentation,Power Systems,Problem Solving,Technical Communication","high_conscientiousness,moderate_openness,moderate_agreeableness","electrical engineering,control systems,electrical,renewable energy,electronics,automation,power,grid,power systems","Leads initiatives in electrical systems, power engineering, electronics, and control systems ensuring best practices and continuous improvement in operations."
Power Designer,electrical_electronics_eng,"Electrical Engineering,Problem Solving,Grid,Automation,Teamwork,Documentation,Generators","high_openness,moderate_extraversion,high_conscientiousness","grid,generators,electronics,electrical,power systems,renewable energy,circuits,power,control systems","Specializes in electrical systems, power engineering, electronics, and control systems with focus on delivering high-quality results and innovative solutions."
Renewable Energy Engineer,electrical_electronics_eng,"Power,Teamwork,Power Systems,Grid,Documentation,Problem Solving,Circuits","high_conscientiousness,moderate_openness,moderate_agreeableness","electrical,generators,electronics,grid,automation,power,electrical engineering,circuits,control systems","Applies specialized knowledge in electrical systems, power engineering, electronics, and control systems to solve complex problems and drive organizational success."
Chemical Engineer,chemical_materials,"Teamwork,Process Engineering,Documentation,Petrochemical,Lab,Chemical,Problem Solving","high_conscientiousness,moderate_openness,moderate_agreeableness","materials,petrochemical,composites,chemical,polymer,chemistry,lab,chemical processes,materials science","Leads initiatives in chemical engineering, materials science, process engineering, and polymer science ensuring best practices and continuous improvement in operations."
Materials Developer,chemical_materials,"Technical Communication,Lab,Documentation,Materials,Composites,Chemical,Polymer","high_conscientiousness,moderate_openness,moderate_agreeableness","process engineering,materials,lab,chemical processes,composites,chemistry,chemical,polymer,materials science","Leads initiatives in chemical engineering, materials science, process engineering, and polymer science ensuring best practices and continuous improvement in operations."
Polymer Architect,chemical_materials,"Materials Science,Problem Solving,Documentation,Petrochemical,Process Engineering,Technical Communication,Teamwork","high_conscientiousness,moderate_openness,moderate_agreeableness","chemical,chemical processes,chemistry,materials science,petrochemical,process engineering,composites,polymer,nanotechnology","Develops and implements solutions in chemical engineering, materials science, process engineering, and polymer science while maintaining high standards of professional excellence."
Process Engineering Specialist,chemical_materials,"Technical Communication,Chemical Processes,Teamwork,Materials Science,Chemistry,Composites,Documentation","high_openness,high_conscientiousness,moderate_agreeableness","process engineering,lab,chemical,polymer,nanotechnology,chemistry,materials science,petrochemical,composites","Provides expert-level support in chemical engineering, materials science, process engineering, and polymer science combining technical skills with strong communication abilities."
Chemistry Analyst,chemical_materials,"Teamwork,Problem Solving,Nanotechnology,Documentation,Materials,Technical Communication,Composites","high_openness,high_conscientiousness,moderate_agreeableness","nanotechnology,polymer,petrochemical,composites,materials,chemistry,lab,chemical processes,chemical","Contributes to chemical engineering, materials science, process engineering, and polymer science through technical expertise, strategic thinking, and collaborative teamwork."
Petrochemical Consultant,chemical_materials,"Documentation,Chemistry,Materials Science,Lab,Teamwork,Materials,Problem Solving","high_openness,high_conscientiousness,moderate_agreeableness","composites,nanotechnology,chemical processes,chemistry,lab,materials science,process engineering,polymer,chemical","Provides expert-level support in chemical engineering, materials science, process engineering, and polymer science combining technical skills with strong communication abilities."
Materials Science Manager,chemical_materials,"Nanotechnology,Teamwork,Documentation,Polymer,Technical Communication,Problem Solving,Materials","high_extraversion,high_conscientiousness,moderate_openness","materials,nanotechnology,chemistry,polymer,petrochemical,chemical,materials science,lab,chemical processes","Specializes in chemical engineering, materials science, process engineering, and polymer science with focus on delivering high-quality results and innovative solutions."
Lead Nanotechnology Engineer,chemical_materials,"Teamwork,Nanotechnology,Problem Solving,Materials,Petrochemical,Chemistry,Technical Communication","high_conscientiousness,moderate_openness,moderate_agreeableness","chemical,chemistry,composites,nanotechnology,polymer,process engineering,chemical processes,materials science,lab","Applies specialized knowledge in chemical engineering, materials science, process engineering, and polymer science to solve complex problems and drive organizational success."
Senior Composites Developer,chemical_materials,"Materials Science,Chemistry,Problem Solving,Teamwork,Petrochemical,Documentation,Lab","high_conscientiousness,moderate_openness,moderate_agreeableness","chemical,chemical processes,nanotechnology,materials,composites,polymer,chemistry,materials science,petrochemical","Delivers professional services in chemical engineering, materials science, process engineering, and polymer science with emphasis on quality, efficiency, and client satisfaction."
Chemical Processes Administrator,chemical_materials,"Problem Solving,Chemistry,Composites,Nanotechnology,Materials Science,Technical Communication,Documentation","high_conscientiousness,moderate_openness,moderate_agreeableness","lab,process engineering,chemistry,chemical processes,materials science,polymer,nanotechnology,composites,materials","Delivers professional services in chemical engineering, materials science, process engineering, and polymer science with emphasis on quality, efficiency, and client satisfaction."
Lab Coordinator,chemical_materials,"Technical Communication,Documentation,Problem Solving,Chemistry,Chemical Processes,Teamwork,Nanotechnology","high_extraversion,high_conscientiousness,moderate_openness","chemical processes,chemical,materials science,chemistry,petrochemical,composites,polymer,materials,lab","Delivers professional services in chemical engineering, materials science, process engineering, and polymer science with emphasis on quality, efficiency, and client satisfaction."
Petrochemical Technician,chemical_materials,"Documentation,Composites,Polymer,Materials,Technical Communication,Problem Solving,Nanotechnology","high_conscientiousness,low_neuroticism,moderate_openness","process engineering,materials science,chemical,lab,nanotechnology,polymer,composites,chemistry,petrochemical","Specializes in chemical engineering, materials science, process engineering, and polymer science with focus on delivering high-quality results and innovative solutions."
Principal Chemistry Engineer,chemical_materials,"Petrochemical,Lab,Composites,Teamwork,Documentation,Problem Solving,Technical Communication","high_conscientiousness,moderate_openness,moderate_agreeableness","lab,petrochemical,chemical processes,process engineering,chemistry,polymer,nanotechnology,chemical,materials science","Applies specialized knowledge in chemical engineering, materials science, process engineering, and polymer science to solve complex problems and drive organizational success."
Materials Science Designer,chemical_materials,"Technical Communication,Chemical Processes,Problem Solving,Chemical,Process Engineering,Petrochemical,Materials","high_openness,moderate_extraversion,high_conscientiousness","polymer,chemical processes,petrochemical,nanotechnology,process engineering,materials,chemical,chemistry,composites","Develops and implements solutions in chemical engineering, materials science, process engineering, and polymer science while maintaining high standards of professional excellence."
Chemistry Engineer,chemical_materials,"Documentation,Problem Solving,Chemistry,Process Engineering,Petrochemical,Teamwork,Technical Communication","high_conscientiousness,moderate_openness,moderate_agreeableness","polymer,nanotechnology,materials science,materials,chemistry,chemical,chemical processes,process engineering,petrochemical","Delivers professional services in chemical engineering, materials science, process engineering, and polymer science with emphasis on quality, efficiency, and client satisfaction."
Aerospace Engineer,aerospace_automotive,"Problem Solving,Flight,Cars,Documentation,Automobile,Aerodynamics,Technical Communication","high_conscientiousness,moderate_openness,moderate_agreeableness","aircraft,vehicle,mechanical,aviation,automobile,aerospace,flight,spacecraft,automotive","Leads initiatives in aerospace, automotive, transportation systems, and vehicle engineering ensuring best practices and continuous improvement in operations."
Automotive Developer,aerospace_automotive,"Technical Communication,Vehicle,Aviation,Problem Solving,Teamwork,Flight,Aerodynamics","high_conscientiousness,moderate_openness,moderate_agreeableness","spacecraft,flight,mechanical,engines,vehicle,aircraft,cars,aerospace,automobile","Contributes to aerospace, automotive, transportation systems, and vehicle engineering through technical expertise, strategic thinking, and collaborative teamwork."
Aircraft Architect,aerospace_automotive,"Documentation,Aircraft,Spacecraft,Technical Communication,Mechanical,Teamwork,Vehicle","high_conscientiousness,moderate_openness,moderate_agreeableness","aerodynamics,mechanical,vehicle,aviation,flight,automobile,aircraft,engines,spacecraft","Specializes in aerospace, automotive, transportation systems, and vehicle engineering with focus on delivering high-quality results and innovative solutions."
Vehicle Specialist,aerospace_automotive,"Transportation,Cars,Technical Communication,Teamwork,Documentation,Engines,Automotive","high_openness,high_conscientiousness,moderate_agreeableness","flight,cars,aerospace,engines,transportation,vehicle,aviation,spacecraft,aerodynamics","Applies specialized knowledge in aerospace, automotive, transportation systems, and vehicle engineering to solve complex problems and drive organizational success."
Mechanical Analyst,aerospace_automotive,"Technical Communication,Teamwork,Engines,Problem Solving,Mechanical,Documentation,Cars","high_openness,high_conscientiousness,moderate_agreeableness","mechanical,aviation,flight,automotive,transportation,aerodynamics,automobile,aerospace,spacecraft","Delivers professional services in aerospace, automotive, transportation systems, and vehicle engineering with emphasis on quality, efficiency, and client satisfaction."
Aviation Consultant,aerospace_automotive,"Spacecraft,Technical Communication,Documentation,Problem Solving,Automobile,Teamwork,Engines","high_openness,high_conscientiousness,moderate_agreeableness","aircraft,vehicle,aerodynamics,spacecraft,transportation,automotive,mechanical,engines,aerospace","Provides expert-level support in aerospace, automotive, transportation systems, and vehicle engineering combining technical skills with strong communication abilities."
Cars Manager,aerospace_automotive,"Teamwork,Automobile,Aerospace,Problem Solving,Documentation,Vehicle,Technical Communication","high_extraversion,high_conscientiousness,moderate_openness","aerospace,automotive,aerodynamics,transportation,aircraft,automobile,flight,mechanical,vehicle","Specializes in aerospace, automotive, transportation systems, and vehicle engineering with focus on delivering high-quality results and innovative solutions."
Lead Transportation Engineer,aerospace_automotive,"Aerospace,Mechanical,Technical Communication,Transportation,Aircraft,Documentation,Problem Solving","high_conscientiousness,moderate_openness,moderate_agreeableness","aviation,flight,automobile,aircraft,automotive,aerodynamics,transportation,cars,vehicle","Works in aerospace, automotive, transportation systems, and vehicle engineering field, providing expertise and professional services to clients and organizations."
Senior Flight Developer,aerospace_automotive,"Technical Communication,Teamwork,Cars,Documentation,Flight,Mechanical,Problem Solving","high_conscientiousness,moderate_openness,moderate_agreeableness","vehicle,aerodynamics,automotive,aircraft,mechanical,engines,spacecraft,cars,flight","Develops and implements solutions in aerospace, automotive, transportation systems, and vehicle engineering while maintaining high standards of professional excellence."
Engines Administrator,aerospace_automotive,"Aircraft,Transportation,Technical Communication,Flight,Automotive,Teamwork,Documentation","high_conscientiousness,moderate_openness,moderate_agreeableness","flight,mechanical,transportation,aerospace,spacecraft,automobile,automotive,aircraft,aerodynamics","Works in aerospace, automotive, transportation systems, and vehicle engineering field, providing expertise and professional services to clients and organizations."
Aerodynamics Coordinator,aerospace_automotive,"Aviation,Mechanical,Teamwork,Problem Solving,Documentation,Aerodynamics,Vehicle","high_extraversion,high_conscientiousness,moderate_openness","transportation,cars,spacecraft,aerodynamics,aircraft,aviation,automobile,engines,vehicle","Delivers professional services in aerospace, automotive, transportation systems, and vehicle engineering with emphasis on quality, efficiency, and client satisfaction."
Spacecraft Technician,aerospace_automotive,"Engines,Aircraft,Automobile,Transportation,Teamwork,Documentation,Problem Solving","high_conscientiousness,low_neuroticism,moderate_openness","aerospace,automobile,transportation,mechanical,cars,vehicle,aircraft,aerodynamics,aviation","Applies specialized knowledge in aerospace, automotive, transportation systems, and vehicle engineering to solve complex problems and drive organizational success."
Principal Automobile Engineer,aerospace_automotive,"Technical Communication,Flight,Transportation,Automotive,Teamwork,Problem Solving,Aerospace","high_conscientiousness,moderate_openness,moderate_agreeableness","cars,engines,spacecraft,aerodynamics,flight,aviation,automotive,automobile,vehicle","Specializes in aerospace, automotive, transportation systems, and vehicle engineering with focus on delivering high-quality results and innovative solutions."
Automobile Designer,aerospace_automotive,"Technical Communication,Mechanical,Cars,Aviation,Transportation,Documentation,Problem Solving","high_openness,moderate_extraversion,high_conscientiousness","spacecraft,aircraft,engines,automotive,aviation,flight,automobile,cars,aerospace","Works in aerospace, automotive, transportation systems, and vehicle engineering field, providing expertise and professional services to clients and organizations."
Automotive Engineer,aerospace_automotive,"Automobile,Flight,Vehicle,Mechanical,Teamwork,Technical Communication,Problem Solving","high_conscientiousness,moderate_openness,moderate_agreeableness","flight,spacecraft,automotive,automobile,engines,mechanical,aerospace,aerodynamics,aviation","Applies specialized knowledge in aerospace, automotive, transportation systems, and vehicle engineering to solve complex problems and drive organizational success."
Biology Engineer,life_sciences,"Documentation,Genetics,Cell Biology,Problem Solving,Technical Communication,Teamwork,Lab Research","high_conscientiousness,moderate_openness,moderate_agreeableness","cell biology,biochemistry,organisms,genetics,microbiology,biotechnology,lab research,molecular biology,ecology","Works in biology, genetics, microbiology, ecology, and life sciences research field, providing expertise and professional services to clients and organizations."
Genetics Developer,life_sciences,"Genetics,Problem Solving,Teamwork,Biotechnology,Microbiology,Documentation,Technical Communication","high_conscientiousness,moderate_openness,moderate_agreeableness","biology,ecology,cell biology,biotechnology,lab research,life sciences,organisms,biochemistry,genetics","Delivers professional services in biology, genetics, microbiology, ecology, and life sciences research with emphasis on quality, efficiency, and client satisfaction."
Microbiology Architect,life_sciences,"Lab Research,Technical Communication,Organisms,Problem Solving,Cell Biology,Molecular Biology,Documentation","high_conscientiousness,moderate_openness,moderate_agreeableness","biochemistry,biology,cell biology,lab research,microbiology,organisms,genetics,ecology,life sciences","Applies specialized knowledge in biology, genetics, microbiology, ecology, and life sciences research to solve complex problems and drive organizational success."
Ecology Specialist,life_sciences,"Biochemistry,Problem Solving,Microbiology,Ecology,Genetics,Technical Communication,Cell Biology","high_openness,high_conscientiousness,moderate_agreeableness","microbiology,cell biology,biology,life sciences,molecular biology,genetics,ecology,biotechnology,biochemistry","Specializes in biology, genetics, microbiology, ecology, and life sciences research with focus on delivering high-quality results and innovative solutions."
Biotechnology Analyst,life_sciences,"Documentation,Teamwork,Molecular Biology,Biology,Biotechnology,Technical Communication,Genetics","high_openness,high_conscientiousness,moderate_agreeableness","microbiology,biochemistry,cell biology,life sciences,molecular biology,lab research,genetics,biotechnology,biology","Contributes to biology, genetics, microbiology, ecology, and life sciences research through technical expertise, strategic thinking, and collaborative teamwork."
Life Sciences Consultant,life_sciences,"Ecology,Microbiology,Molecular Biology,Biology,Documentation,Technical Communication,Teamwork","high_openness,high_conscientiousness,moderate_agreeableness","ecology,life sciences,microbiology,cell biology,organisms,biotechnology,biochemistry,biology,lab research","Leads initiatives in biology, genetics, microbiology, ecology, and life sciences research ensuring best practices and continuous improvement in operations."
Molecular Biology Manager,life_sciences,"Biology,Molecular Biology,Organisms,Teamwork,Lab Research,Technical Communication,Problem Solving","high_extraversion,high_conscientiousness,moderate_openness","biology,life sciences,cell biology,lab research,genetics,biochemistry,molecular biology,microbiology,biotechnology","Provides expert-level support in biology, genetics, microbiology, ecology, and life sciences research combining technical skills with strong communication abilities."
Lead Cell Biology Engineer,life_sciences,"Technical Communication,Genetics,Microbiology,Teamwork,Organisms,Documentation,Biotechnology","high_conscientiousness,moderate_openness,moderate_agreeableness","ecology,life sciences,cell biology,genetics,microbiology,lab research,biotechnology,biochemistry,molecular biology","Leads initiatives in biology, genetics, microbiology, ecology, and life sciences research ensuring best practices and continuous improvement in operations."
Senior Biochemistry Developer,life_sciences,"Teamwork,Problem Solving,Biotechnology,Documentation,Technical Communication,Microbiology,Cell Biology","high_conscientiousness,moderate_openness,moderate_agreeableness","biochemistry,organisms,biology,ecology,genetics,biotechnology,life sciences,cell biology,molecular biology","Leads initiatives in biology, genetics, microbiology, ecology, and life sciences research ensuring best practices and continuous improvement in operations."
Lab Research Administrator,life_sciences,"Genetics,Problem Solving,Documentation,Teamwork,Microbiology,Life Sciences,Technical Communication","high_conscientiousness,moderate_openness,moderate_agreeableness","biochemistry,biotechnology,lab research,organisms,molecular biology,biology,life sciences,cell biology,microbiology","Applies specialized knowledge in biology, genetics, microbiology, ecology, and life sciences research to solve complex problems and drive organizational success."
Organisms Coordinator,life_sciences,"Teamwork,Technical Communication,Cell Biology,Documentation,Microbiology,Biochemistry,Biotechnology","high_extraversion,high_conscientiousness,moderate_openness","genetics,lab research,molecular biology,biotechnology,cell biology,biochemistry,ecology,life sciences,microbiology","Specializes in biology, genetics, microbiology, ecology, and life sciences research with focus on delivering high-quality results and innovative solutions."
Biology Technician,life_sciences,"Problem Solving,Documentation,Ecology,Genetics,Teamwork,Microbiology,Biology","high_conscientiousness,low_neuroticism,moderate_openness","cell biology,organisms,biology,ecology,molecular biology,microbiology,biochemistry,life sciences,biotechnology","Provides expert-level support in biology, genetics, microbiology, ecology, and life sciences research combining technical skills with strong communication abilities."
Principal Biotechnology Engineer,life_sciences,"Biotechnology,Genetics,Technical Communication,Cell Biology,Documentation,Teamwork,Problem Solving","high_conscientiousness,moderate_openness,moderate_agreeableness","organisms,cell biology,biochemistry,biology,life sciences,molecular biology,genetics,biotechnology,lab research","Specializes in biology, genetics, microbiology, ecology, and life sciences research with focus on delivering high-quality results and innovative solutions."
Molecular Biology Designer,life_sciences,"Problem Solving,Teamwork,Ecology,Documentation,Biology,Technical Communication,Biochemistry","high_openness,moderate_extraversion,high_conscientiousness","biology,cell biology,ecology,organisms,lab research,microbiology,biotechnology,biochemistry,life sciences","Delivers professional services in biology, genetics, microbiology, ecology, and life sciences research with emphasis on quality, efficiency, and client satisfaction."
Biotechnology Engineer,life_sciences,"Documentation,Organisms,Problem Solving,Cell Biology,Technical Communication,Biology,Molecular Biology","high_conscientiousness,moderate_openness,moderate_agreeableness","microbiology,genetics,life sciences,ecology,cell biology,molecular biology,biochemistry,biotechnology,organisms","Delivers professional services in biology, genetics, microbiology, ecology, and life sciences research with emphasis on quality, efficiency, and client satisfaction."
Biochemistry Developer,life_sciences,"Documentation,Cell Biology,Biochemistry,Teamwork,Technical Communication,Biotechnology,Problem Solving","high_conscientiousness,moderate_openness,moderate_agreeableness","ecology,lab research,cell biology,microbiology,biology,biotechnology,biochemistry,genetics,life sciences","Develops and implements solutions in biology, genetics, microbiology, ecology, and life sciences research while maintaining high standards of professional excellence."
Lab Research Architect,life_sciences,"Technical Communication,Teamwork,Cell Biology,Lab Research,Genetics,Documentation,Life Sciences","high_conscientiousness,moderate_openness,moderate_agreeableness","biochemistry,microbiology,cell biology,biotechnology,life sciences,organisms,lab research,genetics,ecology","Develops and implements solutions in biology, genetics, microbiology, ecology, and life sciences research while maintaining high standards of professional excellence."
Life Sciences Specialist,life_sciences,"Cell Biology,Problem Solving,Genetics,Life Sciences,Molecular Biology,Technical Communication,Documentation","high_openness,high_conscientiousness,moderate_agreeableness","microbiology,biochemistry,life sciences,lab research,ecology,genetics,cell biology,biology,molecular biology","Delivers professional services in biology, genetics, microbiology, ecology, and life sciences research with emphasis on quality, efficiency, and client satisfaction."
Physics Engineer,physical_sciences,"Laboratory,Research,Teamwork,Problem Solving,Technical Communication,Astronomy,Physics","high_conscientiousness,moderate_openness,moderate_agreeableness","laboratory,particle physics,quantum,astrophysics,astronomy,chemistry,experiments,materials,geology","Develops and implements solutions in physics, chemistry, astronomy, geology, and physical sciences research while maintaining high standards of professional excellence."
Chemistry Developer,physical_sciences,"Technical Communication,Documentation,Laboratory,Astrophysics,Teamwork,Quantum,Problem Solving","high_conscientiousness,moderate_openness,moderate_agreeableness","particle physics,astrophysics,experiments,materials,astronomy,physics,research,chemistry,quantum","Develops and implements solutions in physics, chemistry, astronomy, geology, and physical sciences research while maintaining high standards of professional excellence."
Astronomy Architect,physical_sciences,"Astronomy,Astrophysics,Teamwork,Documentation,Technical Communication,Problem Solving,Experiments","high_conscientiousness,moderate_openness,moderate_agreeableness","research,laboratory,astrophysics,geology,quantum,chemistry,physics,materials,astronomy","Leads initiatives in physics, chemistry, astronomy, geology, and physical sciences research ensuring best practices and continuous improvement in operations."
Geology Specialist,physical_sciences,"Quantum,Technical Communication,Astronomy,Laboratory,Problem Solving,Documentation,Teamwork","high_openness,high_conscientiousness,moderate_agreeableness","research,particle physics,experiments,laboratory,materials,chemistry,quantum,astrophysics,astronomy","Leads initiatives in physics, chemistry, astronomy, geology, and physical sciences research ensuring best practices and continuous improvement in operations."
Quantum Analyst,physical_sciences,"Laboratory,Experiments,Science,Chemistry,Physics,Problem Solving,Documentation","high_openness,high_conscientiousness,moderate_agreeableness","chemistry,laboratory,materials,quantum,particle physics,geology,experiments,physics,astrophysics","Leads initiatives in physics, chemistry, astronomy, geology, and physical sciences research ensuring best practices and continuous improvement in operations."
Particle Physics Consultant,physical_sciences,"Teamwork,Astrophysics,Particle Physics,Physics,Problem Solving,Chemistry,Technical Communication","high_openness,high_conscientiousness,moderate_agreeableness","materials,laboratory,experiments,astronomy,astrophysics,physics,chemistry,geology,science","Leads initiatives in physics, chemistry, astronomy, geology, and physical sciences research ensuring best practices and continuous improvement in operations."
Astrophysics Manager,physical_sciences,"Problem Solving,Documentation,Experiments,Laboratory,Research,Particle Physics,Physics","high_extraversion,high_conscientiousness,moderate_openness","materials,quantum,chemistry,laboratory,physics,experiments,science,research,astrophysics","Contributes to physics, chemistry, astronomy, geology, and physical sciences research through technical expertise, strategic thinking, and collaborative teamwork."
Lead Materials Engineer,physical_sciences,"Research,Materials,Science,Geology,Chemistry,Teamwork,Documentation","high_conscientiousness,moderate_openness,moderate_agreeableness","research,physics,quantum,science,experiments,astrophysics,laboratory,materials,astronomy","Develops and implements solutions in physics, chemistry, astronomy, geology, and physical sciences research while maintaining high standards of professional excellence."
Senior Research Developer,physical_sciences,"Technical Communication,Laboratory,Astronomy,Geology,Documentation,Materials,Physics","high_conscientiousness,moderate_openness,moderate_agreeableness","materials,research,astrophysics,laboratory,quantum,physics,chemistry,particle physics,experiments","Provides expert-level support in physics, chemistry, astronomy, geology, and physical sciences research combining technical skills with strong communication abilities."
Laboratory Administrator,physical_sciences,"Problem Solving,Laboratory,Research,Teamwork,Documentation,Astronomy,Experiments","high_conscientiousness,moderate_openness,moderate_agreeableness","materials,astronomy,laboratory,science,chemistry,research,particle physics,experiments,quantum","Specializes in physics, chemistry, astronomy, geology, and physical sciences research with focus on delivering high-quality results and innovative solutions."
Experiments Coordinator,physical_sciences,"Geology,Experiments,Teamwork,Documentation,Particle Physics,Astrophysics,Research","high_extraversion,high_conscientiousness,moderate_openness","physics,research,chemistry,science,experiments,quantum,laboratory,materials,particle physics","Applies specialized knowledge in physics, chemistry, astronomy, geology, and physical sciences research to solve complex problems and drive organizational success."
Science Technician,physical_sciences,"Geology,Problem Solving,Chemistry,Teamwork,Technical Communication,Astrophysics,Physics","high_conscientiousness,low_neuroticism,moderate_openness","experiments,quantum,chemistry,science,research,geology,astronomy,astrophysics,physics","Leads initiatives in physics, chemistry, astronomy, geology, and physical sciences research ensuring best practices and continuous improvement in operations."
Principal Astrophysics Engineer,physical_sciences,"Teamwork,Documentation,Science,Problem Solving,Experiments,Technical Communication,Research","high_conscientiousness,moderate_openness,moderate_agreeableness","materials,geology,chemistry,physics,science,quantum,experiments,laboratory,particle physics","Applies specialized knowledge in physics, chemistry, astronomy, geology, and physical sciences research to solve complex problems and drive organizational success."
Experiments Designer,physical_sciences,"Teamwork,Documentation,Research,Laboratory,Technical Communication,Problem Solving,Geology","high_openness,moderate_extraversion,high_conscientiousness","particle physics,quantum,geology,materials,physics,laboratory,astrophysics,science,research","Contributes to physics, chemistry, astronomy, geology, and physical sciences research through technical expertise, strategic thinking, and collaborative teamwork."
Physics Engineer,physical_sciences,"Problem Solving,Technical Communication,Materials,Astronomy,Teamwork,Physics,Geology","high_conscientiousness,moderate_openness,moderate_agreeableness","astronomy,materials,astrophysics,physics,geology,experiments,science,chemistry,quantum","Delivers professional services in physics, chemistry, astronomy, geology, and physical sciences research with emphasis on quality, efficiency, and client satisfaction."
Sociology Specialist,social_sciences,"Problem Solving,Demographics,Political Science,Customer Service,Anthropology,Social Studies,Communication","high_openness,high_conscientiousness,high_agreeableness","anthropology,research,sociology,social sciences,demographics,human behavior,economics,social research,political science","Contributes to sociology, psychology, anthropology, economics, and social research through technical expertise, strategic thinking, and collaborative teamwork."
Anthropology Manager,social_sciences,"Sociology,Economics,Customer Service,Problem Solving,Anthropology,Research,Organization","high_extraversion,high_conscientiousness,high_agreeableness","anthropology,human behavior,political science,economics,social sciences,sociology,research,demographics,social research","Works in sociology, psychology, anthropology, economics, and social research field, providing expertise and professional services to clients and organizations."
Economics Coordinator,social_sciences,"Communication,Customer Service,Political Science,Anthropology,Organization,Economics,Research","high_extraversion,high_conscientiousness,high_agreeableness","sociology,anthropology,human behavior,economics,political science,social research,research,social sciences,social studies","Provides expert-level support in sociology, psychology, anthropology, economics, and social research combining technical skills with strong communication abilities."
Social Research Supervisor,social_sciences,"Social Research,Anthropology,Communication,Human Behavior,Organization,Social Sciences,Customer Service","high_extraversion,high_conscientiousness,high_agreeableness","anthropology,economics,demographics,research,social research,political science,social sciences,human behavior,social studies","Specializes in sociology, psychology, anthropology, economics, and social research with focus on delivering high-quality results and innovative solutions."
Human Behavior Associate,social_sciences,"Anthropology,Problem Solving,Customer Service,Human Behavior,Economics,Social Sciences,Political Science","high_openness,high_conscientiousness,high_agreeableness","economics,demographics,social research,human behavior,social studies,political science,research,anthropology,social sciences","Specializes in sociology, psychology, anthropology, economics, and social research with focus on delivering high-quality results and innovative solutions."
Senior Social Sciences Specialist,social_sciences,"Organization,Human Behavior,Economics,Customer Service,Problem Solving,Anthropology,Communication","high_openness,high_conscientiousness,high_agreeableness","political science,demographics,economics,sociology,social studies,social sciences,social research,research,human behavior","Applies specialized knowledge in sociology, psychology, anthropology, economics, and social research to solve complex problems and drive organizational success."
Political Science Consultant,social_sciences,"Organization,Social Sciences,Social Studies,Problem Solving,Anthropology,Political Science,Customer Service","high_openness,high_conscientiousness,high_agreeableness","human behavior,sociology,economics,anthropology,political science,demographics,social sciences,research,social studies","Works in sociology, psychology, anthropology, economics, and social research field, providing expertise and professional services to clients and organizations."
Demographics Director,social_sciences,"Social Studies,Sociology,Human Behavior,Demographics,Communication,Customer Service,Organization","high_extraversion,high_conscientiousness,high_agreeableness","economics,social studies,political science,sociology,social research,anthropology,social sciences,human behavior,research","Specializes in sociology, psychology, anthropology, economics, and social research with focus on delivering high-quality results and innovative solutions."
Social Studies Representative,social_sciences,"Problem Solving,Social Sciences,Organization,Social Research,Economics,Communication,Demographics","high_agreeableness,high_extraversion,moderate_conscientiousness","political science,sociology,anthropology,social research,economics,social studies,social sciences,research,human behavior","Leads initiatives in sociology, psychology, anthropology, economics, and social research ensuring best practices and continuous improvement in operations."
Research Agent,social_sciences,"Communication,Political Science,Organization,Anthropology,Customer Service,Problem Solving,Social Research","high_agreeableness,high_extraversion,moderate_conscientiousness","sociology,political science,anthropology,research,social research,economics,demographics,social studies,social sciences","Delivers professional services in sociology, psychology, anthropology, economics, and social research with emphasis on quality, efficiency, and client satisfaction."
Social Studies Specialist,social_sciences,"Problem Solving,Organization,Social Studies,Economics,Customer Service,Sociology,Anthropology","high_openness,high_conscientiousness,high_agreeableness","sociology,human behavior,demographics,economics,social sciences,research,social research,social studies,political science","Delivers professional services in sociology, psychology, anthropology, economics, and social research with emphasis on quality, efficiency, and client satisfaction."
Political Science Manager,social_sciences,"Customer Service,Social Research,Problem Solving,Social Studies,Demographics,Communication,Organization","high_extraversion,high_conscientiousness,high_agreeableness","economics,human behavior,social sciences,social studies,demographics,political science,research,sociology,social research","Develops and implements solutions in sociology, psychology, anthropology, economics, and social research while maintaining high standards of professional excellence."
Economics Coordinator,social_sciences,"Communication,Demographics,Problem Solving,Sociology,Research,Human Behavior,Customer Service","high_extraversion,high_conscientiousness,high_agreeableness","sociology,social studies,anthropology,demographics,social sciences,human behavior,economics,social research,political science","Leads initiatives in sociology, psychology, anthropology, economics, and social research ensuring best practices and continuous improvement in operations."
Economics Supervisor,social_sciences,"Research,Economics,Political Science,Social Sciences,Customer Service,Social Studies,Communication","high_extraversion,high_conscientiousness,high_agreeableness","anthropology,social research,economics,political science,sociology,research,human behavior,social studies,demographics","Provides expert-level support in sociology, psychology, anthropology, economics, and social research combining technical skills with strong communication abilities."
Political Science Associate,social_sciences,"Communication,Problem Solving,Political Science,Customer Service,Demographics,Social Sciences,Sociology","high_openness,high_conscientiousness,high_agreeableness","social research,social studies,social sciences,sociology,research,anthropology,economics,political science,human behavior","Applies specialized knowledge in sociology, psychology, anthropology, economics, and social research to solve complex problems and drive organizational success."
Environmental Engineer,environmental_sustainability,"Carbon,Ecology,Documentation,Climate Change,Renewable,Teamwork,Technical Communication","high_conscientiousness,moderate_openness,moderate_agreeableness","environmental science,environmental,green energy,renewable,carbon,nature,recycling,climate,sustainability","Provides expert-level support in environmental science, conservation, sustainability, and climate science combining technical skills with strong communication abilities."
Sustainability Developer,environmental_sustainability,"Carbon,Conservation,Problem Solving,Climate,Technical Communication,Recycling,Sustainability","high_conscientiousness,moderate_openness,moderate_agreeableness","environmental,nature,climate,ecology,carbon,green energy,recycling,renewable,sustainability","Works in environmental science, conservation, sustainability, and climate science field, providing expertise and professional services to clients and organizations."
Conservation Architect,environmental_sustainability,"Technical Communication,Climate,Sustainability,Teamwork,Documentation,Conservation,Recycling","high_conscientiousness,moderate_openness,moderate_agreeableness","carbon,climate change,sustainability,nature,green energy,environmental science,environmental,conservation,climate","Applies specialized knowledge in environmental science, conservation, sustainability, and climate science to solve complex problems and drive organizational success."
Climate Specialist,environmental_sustainability,"Teamwork,Green Energy,Recycling,Renewable,Technical Communication,Problem Solving,Nature","high_openness,high_conscientiousness,moderate_agreeableness","recycling,carbon,climate change,ecology,environmental,environmental science,renewable,conservation,green energy","Develops and implements solutions in environmental science, conservation, sustainability, and climate science while maintaining high standards of professional excellence."
Ecology Analyst,environmental_sustainability,"Green Energy,Climate,Nature,Teamwork,Environmental,Sustainability,Documentation","high_openness,high_conscientiousness,moderate_agreeableness","climate change,sustainability,renewable,conservation,ecology,climate,carbon,nature,environmental science","Specializes in environmental science, conservation, sustainability, and climate science with focus on delivering high-quality results and innovative solutions."
Green Energy Consultant,environmental_sustainability,"Environmental,Sustainability,Problem Solving,Climate,Nature,Technical Communication,Environmental Science","high_openness,high_conscientiousness,moderate_agreeableness","climate,green energy,climate change,environmental science,ecology,environmental,conservation,renewable,carbon","Leads initiatives in environmental science, conservation, sustainability, and climate science ensuring best practices and continuous improvement in operations."
Renewable Manager,environmental_sustainability,"Environmental,Problem Solving,Teamwork,Climate,Carbon,Documentation,Technical Communication","high_extraversion,high_conscientiousness,moderate_openness","ecology,sustainability,renewable,nature,climate change,environmental science,conservation,climate,environmental","Leads initiatives in environmental science, conservation, sustainability, and climate science ensuring best practices and continuous improvement in operations."
Lead Environmental Science Engineer,environmental_sustainability,"Technical Communication,Climate,Recycling,Documentation,Problem Solving,Renewable,Conservation","high_conscientiousness,moderate_openness,moderate_agreeableness","climate,conservation,carbon,ecology,sustainability,environmental science,environmental,green energy,nature","Leads initiatives in environmental science, conservation, sustainability, and climate science ensuring best practices and continuous improvement in operations."
Senior Climate Change Developer,environmental_sustainability,"Environmental,Nature,Teamwork,Renewable,Carbon,Technical Communication,Problem Solving","high_conscientiousness,moderate_openness,moderate_agreeableness","nature,ecology,sustainability,recycling,green energy,environmental,renewable,conservation,climate change","Contributes to environmental science, conservation, sustainability, and climate science through technical expertise, strategic thinking, and collaborative teamwork."
Carbon Administrator,environmental_sustainability,"Nature,Environmental Science,Green Energy,Teamwork,Technical Communication,Problem Solving,Documentation","high_conscientiousness,moderate_openness,moderate_agreeableness","conservation,nature,environmental science,recycling,climate change,carbon,sustainability,climate,renewable","Contributes to environmental science, conservation, sustainability, and climate science through technical expertise, strategic thinking, and collaborative teamwork."
Recycling Coordinator,environmental_sustainability,"Climate,Technical Communication,Teamwork,Renewable,Conservation,Environmental,Problem Solving","high_extraversion,high_conscientiousness,moderate_openness","climate,ecology,green energy,conservation,environmental science,environmental,recycling,climate change,renewable","Delivers professional services in environmental science, conservation, sustainability, and climate science with emphasis on quality, efficiency, and client satisfaction."
Nature Technician,environmental_sustainability,"Recycling,Teamwork,Green Energy,Sustainability,Problem Solving,Carbon,Technical Communication","high_conscientiousness,low_neuroticism,moderate_openness","climate,recycling,nature,renewable,environmental science,conservation,environmental,green energy,sustainability","Contributes to environmental science, conservation, sustainability, and climate science through technical expertise, strategic thinking, and collaborative teamwork."
Principal Nature Engineer,environmental_sustainability,"Teamwork,Climate Change,Documentation,Conservation,Problem Solving,Carbon,Technical Communication","high_conscientiousness,moderate_openness,moderate_agreeableness","climate,recycling,environmental,conservation,environmental science,renewable,carbon,green energy,sustainability","Contributes to environmental science, conservation, sustainability, and climate science through technical expertise, strategic thinking, and collaborative teamwork."
Climate Change Designer,environmental_sustainability,"Environmental Science,Problem Solving,Recycling,Green Energy,Documentation,Teamwork,Technical Communication","high_openness,moderate_extraversion,high_conscientiousness","environmental science,green energy,ecology,sustainability,environmental,renewable,conservation,recycling,climate change","Works in environmental science, conservation, sustainability, and climate science field, providing expertise and professional services to clients and organizations."
Environmental Engineer,environmental_sustainability,"Technical Communication,Problem Solving,Teamwork,Recycling,Nature,Documentation,Green Energy","high_conscientiousness,moderate_openness,moderate_agreeableness","recycling,environmental science,climate,nature,carbon,conservation,environmental,renewable,sustainability","Provides expert-level support in environmental science, conservation, sustainability, and climate science combining technical skills with strong communication abilities."
Culinary Specialist,food_beverage,"Catering,Problem Solving,Organization,Menu,Food,Customer Service,Chef","high_openness,high_conscientiousness,high_agreeableness","food service,menu,food,cuisine,baking,cooking,kitchen,chef,culinary","Contributes to culinary arts, food service, restaurant management, and beverage industry through technical expertise, strategic thinking, and collaborative teamwork."
Chef Manager,food_beverage,"Hospitality,Cuisine,Customer Service,Organization,Menu,Problem Solving,Restaurant","high_extraversion,high_conscientiousness,high_agreeableness","restaurant,kitchen,beverage,food service,baking,cooking,cuisine,hospitality,menu","Works in culinary arts, food service, restaurant management, and beverage industry field, providing expertise and professional services to clients and organizations."
Cooking Coordinator,food_beverage,"Communication,Hospitality,Problem Solving,Chef,Organization,Cuisine,Menu","high_extraversion,high_conscientiousness,high_agreeableness","restaurant,chef,baking,kitchen,hospitality,food service,cuisine,menu,beverage","Provides expert-level support in culinary arts, food service, restaurant management, and beverage industry combining technical skills with strong communication abilities."
Food Supervisor,food_beverage,"Food,Problem Solving,Menu,Beverage,Customer Service,Organization,Hospitality","high_extraversion,high_conscientiousness,high_agreeableness","baking,cooking,restaurant,catering,cuisine,hospitality,food,kitchen,food service","Delivers professional services in culinary arts, food service, restaurant management, and beverage industry with emphasis on quality, efficiency, and client satisfaction."
Restaurant Associate,food_beverage,"Catering,Problem Solving,Menu,Chef,Customer Service,Pastry,Communication","high_openness,high_conscientiousness,high_agreeableness","pastry,restaurant,cooking,chef,cuisine,catering,food service,baking,hospitality","Specializes in culinary arts, food service, restaurant management, and beverage industry with focus on delivering high-quality results and innovative solutions."
Senior Kitchen Specialist,food_beverage,"Communication,Menu,Customer Service,Catering,Baking,Beverage,Restaurant","high_openness,high_conscientiousness,high_agreeableness","beverage,hospitality,cooking,restaurant,chef,kitchen,cuisine,menu,food service","Delivers professional services in culinary arts, food service, restaurant management, and beverage industry with emphasis on quality, efficiency, and client satisfaction."
Cuisine Consultant,food_beverage,"Restaurant,Food,Catering,Customer Service,Problem Solving,Organization,Communication","high_openness,high_conscientiousness,high_agreeableness","menu,pastry,catering,cooking,food service,baking,restaurant,cuisine,kitchen","Applies specialized knowledge in culinary arts, food service, restaurant management, and beverage industry to solve complex problems and drive organizational success."
Baking Director,food_beverage,"Hospitality,Customer Service,Menu,Problem Solving,Beverage,Organization,Pastry","high_extraversion,high_conscientiousness,high_agreeableness","chef,menu,food service,baking,hospitality,culinary,kitchen,cooking,food","Contributes to culinary arts, food service, restaurant management, and beverage industry through technical expertise, strategic thinking, and collaborative teamwork."
Pastry Representative,food_beverage,"Cooking,Menu,Restaurant,Customer Service,Problem Solving,Communication,Kitchen","high_agreeableness,high_extraversion,moderate_conscientiousness","kitchen,catering,cuisine,cooking,menu,pastry,beverage,food,food service","Applies specialized knowledge in culinary arts, food service, restaurant management, and beverage industry to solve complex problems and drive organizational success."
Food Service Agent,food_beverage,"Cuisine,Communication,Baking,Organization,Hospitality,Customer Service,Kitchen","high_agreeableness,high_extraversion,moderate_conscientiousness","chef,food service,menu,cuisine,beverage,baking,hospitality,cooking,restaurant","Develops and implements solutions in culinary arts, food service, restaurant management, and beverage industry while maintaining high standards of professional excellence."
Catering Specialist,food_beverage,"Kitchen,Menu,Hospitality,Problem Solving,Customer Service,Organization,Cuisine","high_openness,high_conscientiousness,high_agreeableness","beverage,baking,cuisine,restaurant,food service,culinary,catering,kitchen,pastry","Works in culinary arts, food service, restaurant management, and beverage industry field, providing expertise and professional services to clients and organizations."
Beverage Manager,food_beverage,"Communication,Organization,Food Service,Baking,Culinary,Problem Solving,Menu","high_extraversion,high_conscientiousness,high_agreeableness","menu,hospitality,culinary,beverage,baking,pastry,cuisine,restaurant,kitchen","Delivers professional services in culinary arts, food service, restaurant management, and beverage industry with emphasis on quality, efficiency, and client satisfaction."
Hospitality Coordinator,food_beverage,"Culinary,Communication,Problem Solving,Organization,Chef,Cuisine,Beverage","high_extraversion,high_conscientiousness,high_agreeableness","pastry,kitchen,menu,baking,hospitality,cuisine,food,beverage,chef","Delivers professional services in culinary arts, food service, restaurant management, and beverage industry with emphasis on quality, efficiency, and client satisfaction."
Menu Supervisor,food_beverage,"Baking,Kitchen,Problem Solving,Communication,Organization,Customer Service,Hospitality","high_extraversion,high_conscientiousness,high_agreeableness","kitchen,food,chef,restaurant,cuisine,culinary,beverage,menu,catering","Applies specialized knowledge in culinary arts, food service, restaurant management, and beverage industry to solve complex problems and drive organizational success."
Menu Associate,food_beverage,"Organization,Pastry,Chef,Problem Solving,Menu,Catering,Communication","high_openness,high_conscientiousness,high_agreeableness","cooking,restaurant,hospitality,catering,baking,pastry,kitchen,food service,food","Contributes to culinary arts, food service, restaurant management, and beverage industry through technical expertise, strategic thinking, and collaborative teamwork."
Senior Baking Specialist,food_beverage,"Communication,Food,Hospitality,Customer Service,Cooking,Menu,Organization","high_openness,high_conscientiousness,high_agreeableness","restaurant,food service,chef,kitchen,cuisine,hospitality,menu,culinary,pastry","Provides expert-level support in culinary arts, food service, restaurant management, and beverage industry combining technical skills with strong communication abilities."
Chef Consultant,food_beverage,"Culinary,Catering,Communication,Problem Solving,Customer Service,Cuisine,Chef","high_openness,high_conscientiousness,high_agreeableness","chef,baking,menu,beverage,hospitality,catering,restaurant,pastry,food service","Specializes in culinary arts, food service, restaurant management, and beverage industry with focus on delivering high-quality results and innovative solutions."
Pastry Director,food_beverage,"Problem Solving,Chef,Customer Service,Beverage,Hospitality,Organization,Cooking","high_extraversion,high_conscientiousness,high_agreeableness","catering,beverage,hospitality,restaurant,cuisine,food service,cooking,menu,kitchen","Specializes in culinary arts, food service, restaurant management, and beverage industry with focus on delivering high-quality results and innovative solutions."
Hospitality Specialist,hospitality_tourism,"Event Management,Organization,Communication,Hospitality,Concierge,Event Planning,Lodging","high_openness,high_conscientiousness,high_agreeableness","concierge,resort,event management,tourism,guest services,hospitality,hotel,event planning,travel","Works in hotels, tourism, event management, and guest services field, providing expertise and professional services to clients and organizations."
Tourism Manager,hospitality_tourism,"Hospitality,Guest Services,Problem Solving,Organization,Communication,Tourism,Hotel","high_extraversion,high_conscientiousness,high_agreeableness","concierge,event planning,event management,lodging,destination,conference,hospitality,hotel,guest services","Works in hotels, tourism, event management, and guest services field, providing expertise and professional services to clients and organizations."
Hotel Coordinator,hospitality_tourism,"Destination,Event Planning,Organization,Tourism,Customer Service,Problem Solving,Event Management","high_extraversion,high_conscientiousness,high_agreeableness","lodging,tourism,hospitality,hotel,destination,resort,travel,event planning,concierge","Delivers professional services in hotels, tourism, event management, and guest services with emphasis on quality, efficiency, and client satisfaction."
Travel Supervisor,hospitality_tourism,"Communication,Hospitality,Problem Solving,Conference,Customer Service,Organization,Lodging","high_extraversion,high_conscientiousness,high_agreeableness","tourism,destination,travel,hospitality,lodging,concierge,event management,hotel,guest services","Specializes in hotels, tourism, event management, and guest services with focus on delivering high-quality results and innovative solutions."
Event Management Associate,hospitality_tourism,"Hospitality,Communication,Conference,Guest Services,Tourism,Organization,Problem Solving","high_openness,high_conscientiousness,high_agreeableness","concierge,resort,guest services,hotel,hospitality,destination,travel,event planning,lodging","Specializes in hotels, tourism, event management, and guest services with focus on delivering high-quality results and innovative solutions."
Senior Guest Services Specialist,hospitality_tourism,"Communication,Hospitality,Guest Services,Problem Solving,Organization,Tourism,Destination","high_openness,high_conscientiousness,high_agreeableness","guest services,tourism,hotel,travel,conference,lodging,hospitality,event management,resort","Works in hotels, tourism, event management, and guest services field, providing expertise and professional services to clients and organizations."
Concierge Consultant,hospitality_tourism,"Organization,Communication,Conference,Event Management,Hospitality,Customer Service,Problem Solving","high_openness,high_conscientiousness,high_agreeableness","conference,travel,destination,concierge,event management,guest services,lodging,event planning,hotel","Provides expert-level support in hotels, tourism, event management, and guest services combining technical skills with strong communication abilities."
Resort Director,hospitality_tourism,"Organization,Communication,Customer Service,Destination,Conference,Problem Solving,Guest Services","high_extraversion,high_conscientiousness,high_agreeableness","tourism,lodging,event planning,destination,concierge,conference,guest services,event management,travel","Specializes in hotels, tourism, event management, and guest services with focus on delivering high-quality results and innovative solutions."
Conference Representative,hospitality_tourism,"Event Management,Event Planning,Customer Service,Lodging,Problem Solving,Hospitality,Tourism","high_agreeableness,high_extraversion,moderate_conscientiousness","event planning,tourism,lodging,guest services,event management,hotel,destination,concierge,conference","Applies specialized knowledge in hotels, tourism, event management, and guest services to solve complex problems and drive organizational success."
Event Planning Agent,hospitality_tourism,"Lodging,Problem Solving,Communication,Tourism,Resort,Organization,Destination","high_agreeableness,high_extraversion,moderate_conscientiousness","event planning,event management,conference,hospitality,concierge,hotel,travel,guest services,tourism","Leads initiatives in hotels, tourism, event management, and guest services ensuring best practices and continuous improvement in operations."
Destination Specialist,hospitality_tourism,"Tourism,Conference,Problem Solving,Travel,Concierge,Event Planning,Organization","high_openness,high_conscientiousness,high_agreeableness","concierge,event planning,travel,event management,destination,resort,hospitality,hotel,conference","Contributes to hotels, tourism, event management, and guest services through technical expertise, strategic thinking, and collaborative teamwork."
Lodging Manager,hospitality_tourism,"Tourism,Destination,Communication,Travel,Problem Solving,Customer Service,Event Planning","high_extraversion,high_conscientiousness,high_agreeableness","guest services,resort,tourism,hospitality,concierge,travel,conference,destination,event management","Delivers professional services in hotels, tourism, event management, and guest services with emphasis on quality, efficiency, and client satisfaction."
Concierge Coordinator,hospitality_tourism,"Customer Service,Travel,Concierge,Problem Solving,Conference,Lodging,Communication","high_extraversion,high_conscientiousness,high_agreeableness","concierge,travel,resort,lodging,event management,hospitality,conference,destination,tourism","Applies specialized knowledge in hotels, tourism, event management, and guest services to solve complex problems and drive organizational success."
Lodging Supervisor,hospitality_tourism,"Problem Solving,Event Planning,Organization,Communication,Destination,Guest Services,Customer Service","high_extraversion,high_conscientiousness,high_agreeableness","tourism,conference,lodging,resort,travel,event planning,guest services,hospitality,event management","Contributes to hotels, tourism, event management, and guest services through technical expertise, strategic thinking, and collaborative teamwork."
Resort Associate,hospitality_tourism,"Organization,Problem Solving,Communication,Hotel,Guest Services,Resort,Hospitality","high_openness,high_conscientiousness,high_agreeableness","resort,hospitality,destination,lodging,event management,travel,hotel,tourism,conference","Develops and implements solutions in hotels, tourism, event management, and guest services while maintaining high standards of professional excellence."
Retail Specialist,retail_ecommerce,"Shopify,Ecommerce,Problem Solving,Inventory,Pos,Organization,Customer Service","high_openness,high_conscientiousness,high_agreeableness","inventory,online shopping,pos,store,ecommerce,merchandising,sales,amazon,retail management","Works in retail management, merchandising, e-commerce, and customer service field, providing expertise and professional services to clients and organizations."
Ecommerce Manager,retail_ecommerce,"Organization,Customer Service,Problem Solving,Merchandising,Customer Service,Sales,Online Shopping","high_extraversion,high_conscientiousness,high_agreeableness","online shopping,customer service,amazon,retail management,store,retail,shopify,ecommerce,inventory","Leads initiatives in retail management, merchandising, e-commerce, and customer service ensuring best practices and continuous improvement in operations."
Merchandising Coordinator,retail_ecommerce,"Customer Service,Organization,Amazon,Online Shopping,Communication,Retail,Retail Management","high_extraversion,high_conscientiousness,high_agreeableness","pos,customer service,ecommerce,retail management,inventory,online shopping,amazon,sales,retail","Provides expert-level support in retail management, merchandising, e-commerce, and customer service combining technical skills with strong communication abilities."
Store Supervisor,retail_ecommerce,"Retail Management,Organization,Communication,Shopify,Problem Solving,Inventory,Sales","high_extraversion,high_conscientiousness,high_agreeableness","sales,retail management,online shopping,ecommerce,merchandising,customer service,shopify,amazon,inventory","Applies specialized knowledge in retail management, merchandising, e-commerce, and customer service to solve complex problems and drive organizational success."
Sales Associate,retail_ecommerce,"Organization,Shopify,Merchandising,Store,Retail,Communication,Customer Service","high_openness,high_conscientiousness,high_agreeableness","retail,ecommerce,pos,retail management,customer service,online shopping,merchandising,shopify,sales","Works in retail management, merchandising, e-commerce, and customer service field, providing expertise and professional services to clients and organizations."
Senior Customer Service Specialist,retail_ecommerce,"Organization,Customer Service,Problem Solving,Customer Service,Sales,Merchandising,Amazon","high_openness,high_conscientiousness,high_agreeableness","customer service,inventory,retail,shopify,amazon,merchandising,ecommerce,pos,online shopping","Leads initiatives in retail management, merchandising, e-commerce, and customer service ensuring best practices and continuous improvement in operations."
Inventory Consultant,retail_ecommerce,"Problem Solving,Online Shopping,Organization,Customer Service,Pos,Communication,Customer Service","high_openness,high_conscientiousness,high_agreeableness","retail,store,sales,inventory,shopify,retail management,ecommerce,amazon,customer service","Contributes to retail management, merchandising, e-commerce, and customer service through technical expertise, strategic thinking, and collaborative teamwork."
Online Shopping Director,retail_ecommerce,"Customer Service,Online Shopping,Organization,Inventory,Customer Service,Problem Solving,Communication","high_extraversion,high_conscientiousness,high_agreeableness","online shopping,customer service,pos,retail management,retail,inventory,store,merchandising,shopify","Leads initiatives in retail management, merchandising, e-commerce, and customer service ensuring best practices and continuous improvement in operations."
Shopify Representative,retail_ecommerce,"Communication,Pos,Problem Solving,Customer Service,Store,Retail Management,Customer Service","high_agreeableness,high_extraversion,moderate_conscientiousness","amazon,store,merchandising,inventory,retail,shopify,ecommerce,sales,customer service","Delivers professional services in retail management, merchandising, e-commerce, and customer service with emphasis on quality, efficiency, and client satisfaction."
Amazon Agent,retail_ecommerce,"Store,Pos,Sales,Online Shopping,Communication,Ecommerce,Customer Service","high_agreeableness,high_extraversion,moderate_conscientiousness","store,shopify,customer service,merchandising,retail,ecommerce,sales,online shopping,retail management","Contributes to retail management, merchandising, e-commerce, and customer service through technical expertise, strategic thinking, and collaborative teamwork."
Retail Management Specialist,retail_ecommerce,"Retail Management,Shopify,Organization,Communication,Inventory,Store,Ecommerce","high_openness,high_conscientiousness,high_agreeableness","customer service,retail,amazon,retail management,pos,sales,ecommerce,online shopping,shopify","Develops and implements solutions in retail management, merchandising, e-commerce, and customer service while maintaining high standards of professional excellence."
Pos Manager,retail_ecommerce,"Problem Solving,Sales,Shopify,Customer Service,Communication,Merchandising,Online Shopping","high_extraversion,high_conscientiousness,high_agreeableness","pos,shopify,amazon,customer service,sales,retail,ecommerce,store,retail management","Leads initiatives in retail management, merchandising, e-commerce, and customer service ensuring best practices and continuous improvement in operations."
Ecommerce Coordinator,retail_ecommerce,"Customer Service,Problem Solving,Ecommerce,Store,Merchandising,Organization,Retail","high_extraversion,high_conscientiousness,high_agreeableness","amazon,sales,ecommerce,merchandising,retail,retail management,inventory,shopify,pos","Contributes to retail management, merchandising, e-commerce, and customer service through technical expertise, strategic thinking, and collaborative teamwork."
Pos Supervisor,retail_ecommerce,"Organization,Customer Service,Amazon,Shopify,Problem Solving,Ecommerce,Inventory","high_extraversion,high_conscientiousness,high_agreeableness","online shopping,shopify,ecommerce,retail,customer service,pos,amazon,inventory,retail management","Delivers professional services in retail management, merchandising, e-commerce, and customer service with emphasis on quality, efficiency, and client satisfaction."
Online Shopping Associate,retail_ecommerce,"Customer Service,Ecommerce,Organization,Problem Solving,Shopify,Pos,Store","high_openness,high_conscientiousness,high_agreeableness","store,sales,shopify,retail,customer service,pos,inventory,online shopping,ecommerce","Provides expert-level support in retail management, merchandising, e-commerce, and customer service combining technical skills with strong communication abilities."
Logistics Specialist,transportation_logistics,"Logistics,Delivery,Supply Chain,Communication,Customer Service,Transportation,Problem Solving","high_openness,high_conscientiousness,high_agreeableness","logistics,procurement,delivery,inventory,warehousing,distribution,fleet management,supply chain,warehouse","Delivers professional services in supply chain, logistics, warehousing, shipping, and transportation management with emphasis on quality, efficiency, and client satisfaction."
Supply Chain Manager,transportation_logistics,"Procurement,Warehousing,Organization,Problem Solving,Supply Chain,Fleet Management,Warehouse","high_extraversion,high_conscientiousness,high_agreeableness","transportation,distribution,supply chain,warehousing,fleet management,delivery,freight,warehouse,shipping","Contributes to supply chain, logistics, warehousing, shipping, and transportation management through technical expertise, strategic thinking, and collaborative teamwork."
Transportation Coordinator,transportation_logistics,"Customer Service,Warehousing,Inventory,Fleet Management,Organization,Problem Solving,Communication","high_extraversion,high_conscientiousness,high_agreeableness","delivery,transportation,warehousing,inventory,warehouse,fleet management,freight,supply chain,distribution","Applies specialized knowledge in supply chain, logistics, warehousing, shipping, and transportation management to solve complex problems and drive organizational success."
Warehousing Supervisor,transportation_logistics,"Communication,Delivery,Transportation,Warehouse,Supply Chain,Procurement,Organization","high_extraversion,high_conscientiousness,high_agreeableness","transportation,warehouse,supply chain,procurement,warehousing,delivery,logistics,fleet management,freight","Applies specialized knowledge in supply chain, logistics, warehousing, shipping, and transportation management to solve complex problems and drive organizational success."
Shipping Associate,transportation_logistics,"Transportation,Procurement,Organization,Distribution,Fleet Management,Problem Solving,Communication","high_openness,high_conscientiousness,high_agreeableness","warehouse,fleet management,delivery,logistics,shipping,procurement,distribution,inventory,warehousing","Provides expert-level support in supply chain, logistics, warehousing, shipping, and transportation management combining technical skills with strong communication abilities."
Senior Freight Specialist,transportation_logistics,"Communication,Problem Solving,Organization,Customer Service,Shipping,Delivery,Freight","high_openness,high_conscientiousness,high_agreeableness","supply chain,inventory,freight,delivery,logistics,shipping,warehousing,warehouse,fleet management","Leads initiatives in supply chain, logistics, warehousing, shipping, and transportation management ensuring best practices and continuous improvement in operations."
Distribution Consultant,transportation_logistics,"Freight,Transportation,Communication,Organization,Shipping,Procurement,Problem Solving","high_openness,high_conscientiousness,high_agreeableness","logistics,fleet management,supply chain,delivery,shipping,procurement,warehouse,distribution,inventory","Leads initiatives in supply chain, logistics, warehousing, shipping, and transportation management ensuring best practices and continuous improvement in operations."
Inventory Director,transportation_logistics,"Logistics,Distribution,Procurement,Problem Solving,Supply Chain,Communication,Warehousing","high_extraversion,high_conscientiousness,high_agreeableness","transportation,warehouse,supply chain,shipping,logistics,freight,fleet management,warehousing,inventory","Applies specialized knowledge in supply chain, logistics, warehousing, shipping, and transportation management to solve complex problems and drive organizational success."
Procurement Representative,transportation_logistics,"Problem Solving,Distribution,Organization,Customer Service,Communication,Warehouse,Supply Chain","high_agreeableness,high_extraversion,moderate_conscientiousness","freight,logistics,distribution,inventory,shipping,fleet management,supply chain,transportation,warehouse","Specializes in supply chain, logistics, warehousing, shipping, and transportation management with focus on delivering high-quality results and innovative solutions."
Delivery Agent,transportation_logistics,"Fleet Management,Logistics,Problem Solving,Organization,Delivery,Supply Chain,Inventory","high_agreeableness,high_extraversion,moderate_conscientiousness","shipping,supply chain,logistics,delivery,warehousing,inventory,procurement,distribution,transportation","Leads initiatives in supply chain, logistics, warehousing, shipping, and transportation management ensuring best practices and continuous improvement in operations."
Fleet Management Specialist,transportation_logistics,"Warehouse,Communication,Logistics,Fleet Management,Warehousing,Organization,Customer Service","high_openness,high_conscientiousness,high_agreeableness","logistics,transportation,freight,shipping,fleet management,inventory,distribution,procurement,supply chain","Works in supply chain, logistics, warehousing, shipping, and transportation management field, providing expertise and professional services to clients and organizations."
Warehouse Manager,transportation_logistics,"Transportation,Freight,Procurement,Customer Service,Organization,Inventory,Problem Solving","high_extraversion,high_conscientiousness,high_agreeableness","supply chain,inventory,fleet management,logistics,transportation,freight,warehousing,shipping,warehouse","Leads initiatives in supply chain, logistics, warehousing, shipping, and transportation management ensuring best practices and continuous improvement in operations."
Distribution Coordinator,transportation_logistics,"Warehousing,Organization,Delivery,Warehouse,Problem Solving,Fleet Management,Procurement","high_extraversion,high_conscientiousness,high_agreeableness","transportation,supply chain,freight,distribution,warehousing,shipping,warehouse,delivery,procurement","Specializes in supply chain, logistics, warehousing, shipping, and transportation management with focus on delivering high-quality results and innovative solutions."
Fleet Management Supervisor,transportation_logistics,"Shipping,Organization,Warehouse,Customer Service,Procurement,Problem Solving,Inventory","high_extraversion,high_conscientiousness,high_agreeableness","shipping,warehousing,transportation,delivery,logistics,distribution,supply chain,inventory,freight","Applies specialized knowledge in supply chain, logistics, warehousing, shipping, and transportation management to solve complex problems and drive organizational success."
Supply Chain Associate,transportation_logistics,"Warehouse,Inventory,Problem Solving,Customer Service,Organization,Freight,Delivery","high_openness,high_conscientiousness,high_agreeableness","supply chain,warehouse,freight,shipping,fleet management,distribution,inventory,delivery,warehousing","Delivers professional services in supply chain, logistics, warehousing, shipping, and transportation management with emphasis on quality, efficiency, and client satisfaction."
Beauty Specialist,personal_services,"Barbering,Organization,Communication,Problem Solving,Customer Service,Hairstylist,Beauty","high_openness,high_conscientiousness,high_agreeableness","makeup,skincare,spa,nail technician,cosmetology,wellness,beauty,aesthetics,hairstylist","Works in beauty, salon, spa, personal care, and lifestyle services field, providing expertise and professional services to clients and organizations."
Salon Manager,personal_services,"Cosmetology,Customer Service,Spa,Personal Care,Grooming,Organization,Nail Technician","high_extraversion,high_conscientiousness,high_agreeableness","hairstylist,barbering,wellness,makeup,salon,beauty,grooming,nail technician,aesthetics","Provides expert-level support in beauty, salon, spa, personal care, and lifestyle services combining technical skills with strong communication abilities."
Spa Coordinator,personal_services,"Communication,Hairstylist,Personal Care,Beauty,Organization,Problem Solving,Spa","high_extraversion,high_conscientiousness,high_agreeableness","nail technician,barbering,beauty,spa,makeup,hairstylist,skincare,wellness,salon","Provides expert-level support in beauty, salon, spa, personal care, and lifestyle services combining technical skills with strong communication abilities."
Hairstylist Supervisor,personal_services,"Barbering,Makeup,Customer Service,Skincare,Organization,Spa,Problem Solving","high_extraversion,high_conscientiousness,high_agreeableness","spa,beauty,salon,wellness,nail technician,aesthetics,cosmetology,barbering,makeup","Specializes in beauty, salon, spa, personal care, and lifestyle services with focus on delivering high-quality results and innovative solutions."
Cosmetology Associate,personal_services,"Problem Solving,Cosmetology,Communication,Organization,Customer Service,Spa,Hairstylist","high_openness,high_conscientiousness,high_agreeableness","personal care,spa,nail technician,aesthetics,hairstylist,wellness,makeup,cosmetology,salon","Applies specialized knowledge in beauty, salon, spa, personal care, and lifestyle services to solve complex problems and drive organizational success."
Senior Personal Care Specialist,personal_services,"Makeup,Communication,Wellness,Salon,Organization,Grooming,Customer Service","high_openness,high_conscientiousness,high_agreeableness","makeup,grooming,beauty,cosmetology,skincare,salon,nail technician,aesthetics,wellness","Contributes to beauty, salon, spa, personal care, and lifestyle services through technical expertise, strategic thinking, and collaborative teamwork."
Aesthetics Consultant,personal_services,"Organization,Hairstylist,Communication,Makeup,Personal Care,Customer Service,Nail Technician","high_openness,high_conscientiousness,high_agreeableness","skincare,nail technician,grooming,beauty,salon,barbering,aesthetics,cosmetology,spa","Develops and implements solutions in beauty, salon, spa, personal care, and lifestyle services while maintaining high standards of professional excellence."
Makeup Director,personal_services,"Spa,Organization,Communication,Problem Solving,Skincare,Hairstylist,Customer Service","high_extraversion,high_conscientiousness,high_agreeableness","grooming,wellness,nail technician,aesthetics,salon,makeup,cosmetology,beauty,barbering","Develops and implements solutions in beauty, salon, spa, personal care, and lifestyle services while maintaining high standards of professional excellence."
Skincare Representative,personal_services,"Aesthetics,Problem Solving,Barbering,Communication,Salon,Wellness,Customer Service","high_agreeableness,high_extraversion,moderate_conscientiousness","salon,grooming,beauty,hairstylist,spa,personal care,wellness,cosmetology,nail technician","Specializes in beauty, salon, spa, personal care, and lifestyle services with focus on delivering high-quality results and innovative solutions."
Barbering Agent,personal_services,"Spa,Beauty,Problem Solving,Barbering,Personal Care,Organization,Communication","high_agreeableness,high_extraversion,moderate_conscientiousness","cosmetology,skincare,beauty,barbering,nail technician,grooming,spa,makeup,wellness","Contributes to beauty, salon, spa, personal care, and lifestyle services through technical expertise, strategic thinking, and collaborative teamwork."
Nail Technician Specialist,personal_services,"Wellness,Communication,Customer Service,Cosmetology,Barbering,Organization,Problem Solving","high_openness,high_conscientiousness,high_agreeableness","cosmetology,personal care,barbering,nail technician,skincare,hairstylist,makeup,grooming,spa","Specializes in beauty, salon, spa, personal care, and lifestyle services with focus on delivering high-quality results and innovative solutions."
Wellness Manager,personal_services,"Organization,Personal Care,Cosmetology,Customer Service,Beauty,Problem Solving,Communication","high_extraversion,high_conscientiousness,high_agreeableness","wellness,salon,beauty,skincare,grooming,spa,hairstylist,aesthetics,cosmetology","Provides expert-level support in beauty, salon, spa, personal care, and lifestyle services combining technical skills with strong communication abilities."
Law Manager,legal_services,"Strategic Planning,Analysis,Legal Services,Bar,Communication,Paralegal,Advocate","high_extraversion,high_conscientiousness,moderate_openness","legal counsel,attorney,bar,jurisprudence,legal,law,lawyer,contracts,litigation","Provides expert-level support in law, legal practice, paralegal services, and legal administration combining technical skills with strong communication abilities."
Lawyer Analyst,legal_services,"Attorney,Analysis,Communication,Strategic Planning,Law,Bar,Leadership","high_openness,high_conscientiousness,moderate_extraversion","jurisprudence,legal,legal services,litigation,attorney,court,lawyer,paralegal,advocate","Works in law, legal practice, paralegal services, and legal administration field, providing expertise and professional services to clients and organizations."
Attorney Consultant,legal_services,"Contracts,Court,Legal Services,Leadership,Attorney,Bar,Strategic Planning","high_openness,high_conscientiousness,moderate_extraversion","advocate,law,attorney,legal counsel,litigation,contracts,bar,paralegal,court","Applies specialized knowledge in law, legal practice, paralegal services, and legal administration to solve complex problems and drive organizational success."
Legal Director,legal_services,"Leadership,Legal,Legal Counsel,Analysis,Communication,Legal Services,Attorney","high_extraversion,high_conscientiousness,moderate_openness","attorney,litigation,legal services,lawyer,court,law,jurisprudence,legal,paralegal","Delivers professional services in law, legal practice, paralegal services, and legal administration with emphasis on quality, efficiency, and client satisfaction."
Paralegal Coordinator,legal_services,"Advocate,Analysis,Communication,Contracts,Legal Counsel,Strategic Planning,Court","high_extraversion,high_conscientiousness,moderate_openness","paralegal,legal services,legal counsel,advocate,law,contracts,litigation,court,legal","Applies specialized knowledge in law, legal practice, paralegal services, and legal administration to solve complex problems and drive organizational success."
Litigation Specialist,legal_services,"Analysis,Communication,Law,Advocate,Legal Counsel,Leadership,Legal","high_openness,high_conscientiousness,moderate_extraversion","lawyer,legal counsel,law,contracts,legal,bar,jurisprudence,paralegal,attorney","Applies specialized knowledge in law, legal practice, paralegal services, and legal administration to solve complex problems and drive organizational success."
Senior Contracts Manager,legal_services,"Strategic Planning,Analysis,Communication,Leadership,Litigation,Bar,Jurisprudence","high_extraversion,high_conscientiousness,moderate_openness","paralegal,attorney,court,advocate,legal,litigation,contracts,law,lawyer","Specializes in law, legal practice, paralegal services, and legal administration with focus on delivering high-quality results and innovative solutions."
Legal Counsel Executive,legal_services,"Lawyer,Analysis,Leadership,Law,Litigation,Communication,Legal Services","high_extraversion,high_conscientiousness,moderate_openness","litigation,contracts,bar,jurisprudence,advocate,law,attorney,lawyer,court","Develops and implements solutions in law, legal practice, paralegal services, and legal administration while maintaining high standards of professional excellence."
Court Administrator,legal_services,"Paralegal,Strategic Planning,Advocate,Leadership,Analysis,Court,Communication","high_conscientiousness,moderate_openness,moderate_extraversion","legal,legal counsel,court,contracts,paralegal,bar,attorney,advocate,jurisprudence","Develops and implements solutions in law, legal practice, paralegal services, and legal administration while maintaining high standards of professional excellence."
Legal Services Associate,legal_services,"Analysis,Legal,Lawyer,Leadership,Advocate,Paralegal,Bar","high_openness,high_conscientiousness,moderate_extraversion","advocate,legal counsel,paralegal,litigation,attorney,lawyer,court,bar,legal","Contributes to law, legal practice, paralegal services, and legal administration through technical expertise, strategic thinking, and collaborative teamwork."
Lead Bar Analyst,legal_services,"Strategic Planning,Bar,Leadership,Lawyer,Litigation,Communication,Legal","high_openness,high_conscientiousness,moderate_extraversion","litigation,legal,bar,jurisprudence,attorney,legal services,advocate,law,lawyer","Develops and implements solutions in law, legal practice, paralegal services, and legal administration while maintaining high standards of professional excellence."
Jurisprudence Manager,legal_services,"Bar,Contracts,Lawyer,Leadership,Analysis,Strategic Planning,Legal","high_extraversion,high_conscientiousness,moderate_openness","legal counsel,attorney,lawyer,paralegal,law,jurisprudence,advocate,contracts,legal services","Applies specialized knowledge in law, legal practice, paralegal services, and legal administration to solve complex problems and drive organizational success."
Advocate Analyst,legal_services,"Bar,Leadership,Jurisprudence,Analysis,Communication,Legal,Contracts","high_openness,high_conscientiousness,moderate_extraversion","law,court,legal services,jurisprudence,bar,lawyer,legal,paralegal,contracts","Provides expert-level support in law, legal practice, paralegal services, and legal administration combining technical skills with strong communication abilities."
Legal Consultant,legal_services,"Analysis,Leadership,Law,Communication,Attorney,Legal,Strategic Planning","high_openness,high_conscientiousness,moderate_extraversion","legal,contracts,lawyer,jurisprudence,litigation,attorney,legal counsel,bar,court","Specializes in law, legal practice, paralegal services, and legal administration with focus on delivering high-quality results and innovative solutions."
Litigation Director,legal_services,"Communication,Attorney,Bar,Legal Counsel,Jurisprudence,Strategic Planning,Leadership","high_extraversion,high_conscientiousness,moderate_openness","attorney,jurisprudence,bar,paralegal,legal services,legal counsel,court,legal,contracts","Develops and implements solutions in law, legal practice, paralegal services, and legal administration while maintaining high standards of professional excellence."
Jurisprudence Coordinator,legal_services,"Analysis,Legal Counsel,Law,Court,Legal,Strategic Planning,Jurisprudence","high_extraversion,high_conscientiousness,moderate_openness","advocate,legal,law,litigation,jurisprudence,attorney,bar,paralegal,legal services","Specializes in law, legal practice, paralegal services, and legal administration with focus on delivering high-quality results and innovative solutions."
Legal Counsel Specialist,legal_services,"Contracts,Communication,Litigation,Legal,Law,Bar,Strategic Planning","high_openness,high_conscientiousness,moderate_extraversion","legal services,paralegal,contracts,law,legal counsel,attorney,court,lawyer,bar","Works in law, legal practice, paralegal services, and legal administration field, providing expertise and professional services to clients and organizations."
Senior Court Manager,legal_services,"Communication,Analysis,Leadership,Law,Strategic Planning,Jurisprudence,Advocate","high_extraversion,high_conscientiousness,moderate_openness","advocate,jurisprudence,legal counsel,legal,contracts,court,paralegal,legal services,attorney","Works in law, legal practice, paralegal services, and legal administration field, providing expertise and professional services to clients and organizations."
Government Manager,public_policy_government,"Leadership,Civil Service,Analysis,Municipal,Government,Public Policy,Strategic Planning","high_extraversion,high_conscientiousness,moderate_openness","public sector,public policy,civil service,policy analyst,municipal,government,political,state,governance","Provides expert-level support in government administration, public policy, civil service, and political work combining technical skills with strong communication abilities."
Public Policy Analyst,public_policy_government,"Government,Civil Service,Analysis,Political,Leadership,Communication,Strategic Planning","high_openness,high_conscientiousness,moderate_extraversion","public sector,federal,political,civil service,public policy,municipal,governance,administration,policy analyst","Delivers professional services in government administration, public policy, civil service, and political work with emphasis on quality, efficiency, and client satisfaction."
Civil Service Consultant,public_policy_government,"Municipal,Analysis,Strategic Planning,Policy Analyst,Leadership,Communication,Political","high_openness,high_conscientiousness,moderate_extraversion","policy analyst,political,public sector,state,civil service,federal,government,municipal,administration","Delivers professional services in government administration, public policy, civil service, and political work with emphasis on quality, efficiency, and client satisfaction."
Administration Director,public_policy_government,"Civil Service,Leadership,Public Policy,Analysis,Federal,Communication,Governance","high_extraversion,high_conscientiousness,moderate_openness","municipal,federal,civil service,administration,government,governance,policy analyst,political,state","Provides expert-level support in government administration, public policy, civil service, and political work combining technical skills with strong communication abilities."
Political Coordinator,public_policy_government,"Governance,Administration,Political,Government,Analysis,Policy Analyst,Communication","high_extraversion,high_conscientiousness,moderate_openness","municipal,administration,federal,state,civil service,political,government,policy analyst,public sector","Leads initiatives in government administration, public policy, civil service, and political work ensuring best practices and continuous improvement in operations."
Policy Analyst Specialist,public_policy_government,"Strategic Planning,Policy Analyst,Administration,Communication,Analysis,Leadership,Government","high_openness,high_conscientiousness,moderate_extraversion","state,political,federal,administration,municipal,policy analyst,government,public policy,governance","Contributes to government administration, public policy, civil service, and political work through technical expertise, strategic thinking, and collaborative teamwork."
Senior Public Sector Manager,public_policy_government,"Communication,Municipal,Political,Federal,Leadership,Policy Analyst,Strategic Planning","high_extraversion,high_conscientiousness,moderate_openness","policy analyst,public policy,state,governance,administration,government,federal,political,municipal","Applies specialized knowledge in government administration, public policy, civil service, and political work to solve complex problems and drive organizational success."
Federal Executive,public_policy_government,"Municipal,State,Governance,Public Policy,Strategic Planning,Communication,Analysis","high_extraversion,high_conscientiousness,moderate_openness","administration,public policy,governance,political,federal,government,municipal,public sector,civil service","Specializes in government administration, public policy, civil service, and political work with focus on delivering high-quality results and innovative solutions."
State Administrator,public_policy_government,"Government,Municipal,Leadership,Governance,Public Policy,Public Sector,Strategic Planning","high_conscientiousness,moderate_openness,moderate_extraversion","public policy,administration,municipal,government,public sector,governance,policy analyst,state,political","Contributes to government administration, public policy, civil service, and political work through technical expertise, strategic thinking, and collaborative teamwork."
Municipal Associate,public_policy_government,"Public Policy,Communication,Analysis,Federal,Political,Policy Analyst,Leadership","high_openness,high_conscientiousness,moderate_extraversion","federal,administration,political,civil service,public policy,governance,municipal,government,public sector","Applies specialized knowledge in government administration, public policy, civil service, and political work to solve complex problems and drive organizational success."
Lead Governance Analyst,public_policy_government,"Leadership,Strategic Planning,Analysis,Political,Communication,Policy Analyst,Public Sector","high_openness,high_conscientiousness,moderate_extraversion","civil service,political,governance,public policy,administration,public sector,policy analyst,state,federal","Delivers professional services in government administration, public policy, civil service, and political work with emphasis on quality, efficiency, and client satisfaction."
Civil Service Manager,public_policy_government,"Federal,Analysis,Leadership,Communication,Governance,Political,Municipal","high_extraversion,high_conscientiousness,moderate_openness","state,municipal,civil service,administration,policy analyst,political,governance,public policy,federal","Contributes to government administration, public policy, civil service, and political work through technical expertise, strategic thinking, and collaborative teamwork."
State Analyst,public_policy_government,"Analysis,Communication,Civil Service,Leadership,Governance,Administration,Municipal","high_openness,high_conscientiousness,moderate_extraversion","public sector,governance,public policy,federal,civil service,policy analyst,state,municipal,political","Specializes in government administration, public policy, civil service, and political work with focus on delivering high-quality results and innovative solutions."
Governance Consultant,public_policy_government,"Policy Analyst,Municipal,Strategic Planning,Leadership,Analysis,Public Policy,Communication","high_openness,high_conscientiousness,moderate_extraversion","state,policy analyst,government,administration,public sector,political,governance,public policy,federal","Provides expert-level support in government administration, public policy, civil service, and political work combining technical skills with strong communication abilities."
Municipal Director,public_policy_government,"Analysis,Leadership,Policy Analyst,Government,Administration,Strategic Planning,Civil Service","high_extraversion,high_conscientiousness,moderate_openness","public policy,administration,state,policy analyst,federal,political,governance,government,municipal","Specializes in government administration, public policy, civil service, and political work with focus on delivering high-quality results and innovative solutions."
Social Work Specialist,nonprofit_social_services,"Nonprofit,Humanitarian,Customer Service,Outreach,Ngo,Charity,Communication","high_openness,high_conscientiousness,high_agreeableness","case management,social work,community development,social services,advocacy,humanitarian,outreach,ngo,charity","Works in social work, community services, non-profit management, and advocacy field, providing expertise and professional services to clients and organizations."
Nonprofit Manager,nonprofit_social_services,"Communication,Customer Service,Case Management,Problem Solving,Charity,Community Services,Advocacy","high_extraversion,high_conscientiousness,high_agreeableness","community development,outreach,humanitarian,social services,social work,community services,advocacy,nonprofit,case management","Contributes to social work, community services, non-profit management, and advocacy through technical expertise, strategic thinking, and collaborative teamwork."
Community Services Coordinator,nonprofit_social_services,"Customer Service,Advocacy,Problem Solving,Community Development,Ngo,Communication,Outreach","high_extraversion,high_conscientiousness,high_agreeableness","social work,ngo,nonprofit,case management,humanitarian,charity,community development,outreach,social services","Provides expert-level support in social work, community services, non-profit management, and advocacy combining technical skills with strong communication abilities."
Charity Supervisor,nonprofit_social_services,"Customer Service,Humanitarian,Problem Solving,Organization,Charity,Advocacy,Nonprofit","high_extraversion,high_conscientiousness,high_agreeableness","community services,advocacy,social services,social work,charity,community development,ngo,humanitarian,nonprofit","Provides expert-level support in social work, community services, non-profit management, and advocacy combining technical skills with strong communication abilities."
Advocacy Associate,nonprofit_social_services,"Social Services,Customer Service,Social Work,Organization,Ngo,Community Services,Communication","high_openness,high_conscientiousness,high_agreeableness","ngo,humanitarian,outreach,charity,advocacy,case management,community development,nonprofit,social work","Works in social work, community services, non-profit management, and advocacy field, providing expertise and professional services to clients and organizations."
Senior Social Services Specialist,nonprofit_social_services,"Social Work,Communication,Outreach,Organization,Ngo,Problem Solving,Nonprofit","high_openness,high_conscientiousness,high_agreeableness","charity,social work,ngo,social services,community development,humanitarian,advocacy,community services,nonprofit","Specializes in social work, community services, non-profit management, and advocacy with focus on delivering high-quality results and innovative solutions."
Community Development Consultant,nonprofit_social_services,"Community Services,Communication,Customer Service,Social Services,Ngo,Advocacy,Organization","high_openness,high_conscientiousness,high_agreeableness","outreach,charity,nonprofit,case management,social work,humanitarian,social services,ngo,community development","Develops and implements solutions in social work, community services, non-profit management, and advocacy while maintaining high standards of professional excellence."
Ngo Director,nonprofit_social_services,"Community Services,Community Development,Communication,Organization,Outreach,Social Services,Problem Solving","high_extraversion,high_conscientiousness,high_agreeableness","outreach,charity,advocacy,community development,ngo,social services,community services,case management,humanitarian","Applies specialized knowledge in social work, community services, non-profit management, and advocacy to solve complex problems and drive organizational success."
Humanitarian Representative,nonprofit_social_services,"Customer Service,Community Development,Communication,Outreach,Social Services,Social Work,Organization","high_agreeableness,high_extraversion,moderate_conscientiousness","advocacy,social services,ngo,community services,community development,charity,humanitarian,social work,outreach","Leads initiatives in social work, community services, non-profit management, and advocacy ensuring best practices and continuous improvement in operations."
Case Management Agent,nonprofit_social_services,"Advocacy,Organization,Social Services,Customer Service,Communication,Case Management,Problem Solving","high_agreeableness,high_extraversion,moderate_conscientiousness","social services,nonprofit,community development,social work,community services,advocacy,ngo,humanitarian,charity","Contributes to social work, community services, non-profit management, and advocacy through technical expertise, strategic thinking, and collaborative teamwork."
Outreach Specialist,nonprofit_social_services,"Problem Solving,Social Work,Customer Service,Community Services,Humanitarian,Organization,Communication","high_openness,high_conscientiousness,high_agreeableness","social services,charity,outreach,ngo,community services,case management,community development,humanitarian,social work","Applies specialized knowledge in social work, community services, non-profit management, and advocacy to solve complex problems and drive organizational success."
Social Work Manager,nonprofit_social_services,"Problem Solving,Advocacy,Social Work,Organization,Community Services,Outreach,Communication","high_extraversion,high_conscientiousness,high_agreeableness","humanitarian,community development,nonprofit,advocacy,outreach,charity,social services,community services,social work","Provides expert-level support in social work, community services, non-profit management, and advocacy combining technical skills with strong communication abilities."
Social Work Coordinator,nonprofit_social_services,"Community Services,Case Management,Customer Service,Organization,Ngo,Humanitarian,Communication","high_extraversion,high_conscientiousness,high_agreeableness","outreach,humanitarian,social services,charity,nonprofit,community development,ngo,social work,case management","Applies specialized knowledge in social work, community services, non-profit management, and advocacy to solve complex problems and drive organizational success."
Outreach Supervisor,nonprofit_social_services,"Outreach,Charity,Humanitarian,Organization,Advocacy,Ngo,Problem Solving","high_extraversion,high_conscientiousness,high_agreeableness","ngo,social services,social work,outreach,advocacy,charity,community development,nonprofit,humanitarian","Works in social work, community services, non-profit management, and advocacy field, providing expertise and professional services to clients and organizations."
Outreach Associate,nonprofit_social_services,"Customer Service,Organization,Outreach,Problem Solving,Nonprofit,Humanitarian,Advocacy","high_openness,high_conscientiousness,high_agreeableness","nonprofit,social work,community services,community development,social services,advocacy,outreach,humanitarian,case management","Develops and implements solutions in social work, community services, non-profit management, and advocacy while maintaining high standards of professional excellence."
Construction Technician,construction_trades,"Electrician,Problem Solving,Safety,Building Trades,Manual Dexterity,Renovation,Tradesman","high_conscientiousness,low_neuroticism,moderate_openness","plumbing,welding,renovation,builder,roofing,masonry,carpentry,construction,building trades","Contributes to carpentry, plumbing, electrical work, masonry, and construction crafts through technical expertise, strategic thinking, and collaborative teamwork."
Carpentry Specialist,construction_trades,"Construction,Manual Dexterity,Masonry,Safety,Problem Solving,Tradesman,Plumbing","high_openness,high_conscientiousness,low_neuroticism","building trades,masonry,carpentry,tradesman,renovation,roofing,builder,plumbing,welding","Develops and implements solutions in carpentry, plumbing, electrical work, masonry, and construction crafts while maintaining high standards of professional excellence."
Master Plumbing,construction_trades,"Manual Dexterity,Contractor,Technical Skills,Masonry,Plumbing,Renovation,Building Trades","high_conscientiousness,low_neuroticism,moderate_openness","tradesman,contractor,renovation,masonry,building trades,electrician,hvac,construction,carpentry","Delivers professional services in carpentry, plumbing, electrical work, masonry, and construction crafts with emphasis on quality, efficiency, and client satisfaction."
Electrician Installer,construction_trades,"Manual Dexterity,Technical Skills,Tradesman,Safety,Problem Solving,Plumbing,Masonry","high_conscientiousness,low_neuroticism,moderate_openness","tradesman,electrician,carpentry,plumbing,welding,masonry,construction,roofing,hvac","Applies specialized knowledge in carpentry, plumbing, electrical work, masonry, and construction crafts to solve complex problems and drive organizational success."
Licensed Hvac,construction_trades,"Safety,Roofing,Renovation,Plumbing,Contractor,Electrician,Problem Solving","high_conscientiousness,low_neuroticism,moderate_openness","welding,renovation,building trades,hvac,carpentry,plumbing,builder,electrician,tradesman","Develops and implements solutions in carpentry, plumbing, electrical work, masonry, and construction crafts while maintaining high standards of professional excellence."
Masonry Mechanic,construction_trades,"Electrician,Builder,Carpentry,Manual Dexterity,Tradesman,Construction,Problem Solving","high_conscientiousness,low_neuroticism,moderate_openness","plumbing,contractor,construction,carpentry,roofing,builder,electrician,tradesman,renovation","Delivers professional services in carpentry, plumbing, electrical work, masonry, and construction crafts with emphasis on quality, efficiency, and client satisfaction."
Welding Operator,construction_trades,"Technical Skills,Welding,Problem Solving,Renovation,Plumbing,Hvac,Manual Dexterity","high_conscientiousness,low_neuroticism,moderate_openness","construction,masonry,builder,building trades,contractor,welding,electrician,hvac,roofing","Applies specialized knowledge in carpentry, plumbing, electrical work, masonry, and construction crafts to solve complex problems and drive organizational success."
Contractor Supervisor,construction_trades,"Hvac,Building Trades,Technical Skills,Manual Dexterity,Contractor,Welding,Safety","high_extraversion,high_conscientiousness,moderate_openness","carpentry,building trades,contractor,renovation,masonry,electrician,plumbing,construction,tradesman","Leads initiatives in carpentry, plumbing, electrical work, masonry, and construction crafts ensuring best practices and continuous improvement in operations."
Builder Foreman,construction_trades,"Safety,Manual Dexterity,Builder,Building Trades,Roofing,Technical Skills,Problem Solving","high_extraversion,high_conscientiousness,moderate_openness","hvac,carpentry,plumbing,builder,renovation,building trades,roofing,masonry,construction","Develops and implements solutions in carpentry, plumbing, electrical work, masonry, and construction crafts while maintaining high standards of professional excellence."
Journey-level Tradesman,construction_trades,"Manual Dexterity,Problem Solving,Technical Skills,Builder,Hvac,Carpentry,Tradesman","high_conscientiousness,low_neuroticism,moderate_openness","building trades,plumbing,builder,tradesman,masonry,renovation,electrician,construction,contractor","Specializes in carpentry, plumbing, electrical work, masonry, and construction crafts with focus on delivering high-quality results and innovative solutions."
Building Trades Technician,construction_trades,"Masonry,Problem Solving,Renovation,Electrician,Carpentry,Technical Skills,Safety","high_conscientiousness,low_neuroticism,moderate_openness","contractor,carpentry,welding,electrician,roofing,building trades,builder,hvac,construction","Leads initiatives in carpentry, plumbing, electrical work, masonry, and construction crafts ensuring best practices and continuous improvement in operations."
Renovation Specialist,construction_trades,"Safety,Electrician,Roofing,Technical Skills,Manual Dexterity,Welding,Tradesman","high_openness,high_conscientiousness,low_neuroticism","carpentry,masonry,building trades,builder,tradesman,contractor,plumbing,electrician,construction","Delivers professional services in carpentry, plumbing, electrical work, masonry, and construction crafts with emphasis on quality, efficiency, and client satisfaction."
Master Roofing,construction_trades,"Building Trades,Electrician,Problem Solving,Technical Skills,Manual Dexterity,Construction,Builder","high_conscientiousness,low_neuroticism,moderate_openness","plumbing,building trades,hvac,builder,roofing,renovation,carpentry,masonry,contractor","Delivers professional services in carpentry, plumbing, electrical work, masonry, and construction crafts with emphasis on quality, efficiency, and client satisfaction."
Construction Installer,construction_trades,"Manual Dexterity,Electrician,Safety,Masonry,Technical Skills,Problem Solving,Construction","high_conscientiousness,low_neuroticism,moderate_openness","carpentry,builder,roofing,construction,welding,contractor,hvac,electrician,building trades","Provides expert-level support in carpentry, plumbing, electrical work, masonry, and construction crafts combining technical skills with strong communication abilities."
Licensed Roofing,construction_trades,"Technical Skills,Builder,Carpentry,Building Trades,Roofing,Problem Solving,Manual Dexterity","high_conscientiousness,low_neuroticism,moderate_openness","welding,electrician,hvac,renovation,building trades,tradesman,builder,contractor,carpentry","Works in carpentry, plumbing, electrical work, masonry, and construction crafts field, providing expertise and professional services to clients and organizations."
Tradesman Mechanic,construction_trades,"Technical Skills,Problem Solving,Renovation,Construction,Building Trades,Masonry,Safety","high_conscientiousness,low_neuroticism,moderate_openness","carpentry,hvac,builder,electrician,masonry,building trades,plumbing,contractor,tradesman","Develops and implements solutions in carpentry, plumbing, electrical work, masonry, and construction crafts while maintaining high standards of professional excellence."
Masonry Operator,construction_trades,"Problem Solving,Masonry,Safety,Construction,Manual Dexterity,Technical Skills,Renovation","high_conscientiousness,low_neuroticism,moderate_openness","welding,building trades,plumbing,carpentry,construction,roofing,hvac,renovation,tradesman","Specializes in carpentry, plumbing, electrical work, masonry, and construction crafts with focus on delivering high-quality results and innovative solutions."
Welding Supervisor,construction_trades,"Roofing,Builder,Hvac,Manual Dexterity,Safety,Problem Solving,Tradesman","high_extraversion,high_conscientiousness,moderate_openness","welding,construction,carpentry,masonry,contractor,building trades,roofing,builder,electrician","Applies specialized knowledge in carpentry, plumbing, electrical work, masonry, and construction crafts to solve complex problems and drive organizational success."
Automotive Technician,automotive_repair,"Maintenance,Problem Solving,Automobile,Manual Dexterity,Engine Repair,Safety,Transmission","high_conscientiousness,low_neuroticism,moderate_openness","engine repair,technician,automobile,garage,mechanic,automotive,vehicle,diagnostics,maintenance","Delivers professional services in auto mechanics, vehicle repair, diesel mechanics, and automotive services with emphasis on quality, efficiency, and client satisfaction."
Mechanic Specialist,automotive_repair,"Problem Solving,Safety,Technical Skills,Automobile,Garage,Auto Repair,Mechanic","high_openness,high_conscientiousness,low_neuroticism","diagnostics,vehicle,diesel,garage,auto repair,mechanic,transmission,automobile,cars","Delivers professional services in auto mechanics, vehicle repair, diesel mechanics, and automotive services with emphasis on quality, efficiency, and client satisfaction."
Master Auto Repair,automotive_repair,"Diagnostics,Safety,Technician,Vehicle,Manual Dexterity,Problem Solving,Auto Repair","high_conscientiousness,low_neuroticism,moderate_openness","diesel,vehicle,automobile,diagnostics,engine repair,cars,garage,automotive,transmission","Applies specialized knowledge in auto mechanics, vehicle repair, diesel mechanics, and automotive services to solve complex problems and drive organizational success."
Vehicle Installer,automotive_repair,"Maintenance,Safety,Auto Repair,Engine Repair,Problem Solving,Manual Dexterity,Automotive","high_conscientiousness,low_neuroticism,moderate_openness","engine repair,vehicle,cars,diesel,auto repair,diagnostics,mechanic,garage,transmission","Specializes in auto mechanics, vehicle repair, diesel mechanics, and automotive services with focus on delivering high-quality results and innovative solutions."
Licensed Diesel,automotive_repair,"Manual Dexterity,Automotive,Technical Skills,Engine Repair,Vehicle,Problem Solving,Diesel","high_conscientiousness,low_neuroticism,moderate_openness","diagnostics,automotive,maintenance,mechanic,technician,garage,auto repair,automobile,vehicle","Provides expert-level support in auto mechanics, vehicle repair, diesel mechanics, and automotive services combining technical skills with strong communication abilities."
Technician Mechanic,automotive_repair,"Diesel,Safety,Maintenance,Transmission,Cars,Problem Solving,Engine Repair","high_conscientiousness,low_neuroticism,moderate_openness","automotive,cars,vehicle,auto repair,maintenance,technician,diesel,automobile,transmission","Delivers professional services in auto mechanics, vehicle repair, diesel mechanics, and automotive services with emphasis on quality, efficiency, and client satisfaction."
Maintenance Operator,automotive_repair,"Manual Dexterity,Automotive,Technical Skills,Technician,Diagnostics,Automobile,Safety","high_conscientiousness,low_neuroticism,moderate_openness","maintenance,diagnostics,garage,automobile,cars,automotive,mechanic,transmission,auto repair","Leads initiatives in auto mechanics, vehicle repair, diesel mechanics, and automotive services ensuring best practices and continuous improvement in operations."
Cars Supervisor,automotive_repair,"Problem Solving,Safety,Automobile,Garage,Manual Dexterity,Diesel,Mechanic","high_extraversion,high_conscientiousness,moderate_openness","engine repair,cars,diesel,vehicle,transmission,diagnostics,technician,mechanic,garage","Develops and implements solutions in auto mechanics, vehicle repair, diesel mechanics, and automotive services while maintaining high standards of professional excellence."
Engine Repair Foreman,automotive_repair,"Automobile,Mechanic,Safety,Manual Dexterity,Automotive,Problem Solving,Transmission","high_extraversion,high_conscientiousness,moderate_openness","automotive,auto repair,diagnostics,technician,vehicle,garage,mechanic,diesel,transmission","Applies specialized knowledge in auto mechanics, vehicle repair, diesel mechanics, and automotive services to solve complex problems and drive organizational success."
Journey-level Diagnostics,automotive_repair,"Vehicle,Transmission,Safety,Automobile,Garage,Auto Repair,Problem Solving","high_conscientiousness,low_neuroticism,moderate_openness","diagnostics,automotive,automobile,diesel,mechanic,vehicle,technician,cars,garage","Specializes in auto mechanics, vehicle repair, diesel mechanics, and automotive services with focus on delivering high-quality results and innovative solutions."
Automobile Technician,automotive_repair,"Safety,Problem Solving,Manual Dexterity,Technician,Garage,Technical Skills,Vehicle","high_conscientiousness,low_neuroticism,moderate_openness","technician,mechanic,auto repair,transmission,diagnostics,vehicle,engine repair,cars,automotive","Contributes to auto mechanics, vehicle repair, diesel mechanics, and automotive services through technical expertise, strategic thinking, and collaborative teamwork."
Garage Specialist,automotive_repair,"Maintenance,Auto Repair,Technical Skills,Diesel,Problem Solving,Transmission,Safety","high_openness,high_conscientiousness,low_neuroticism","maintenance,cars,auto repair,technician,engine repair,transmission,vehicle,mechanic,diesel","Works in auto mechanics, vehicle repair, diesel mechanics, and automotive services field, providing expertise and professional services to clients and organizations."
Manufacturing Technician,manufacturing_production,"Operator,Assembly,Manual Dexterity,Problem Solving,Quality Control,Production,Safety","high_conscientiousness,low_neuroticism,moderate_openness","quality control,factory,manufacturing,assembly,production,production line,fabrication,machinist,operator","Contributes to factory work, production operations, quality control, and manufacturing trades through technical expertise, strategic thinking, and collaborative teamwork."
Production Specialist,manufacturing_production,"Manufacturing,Problem Solving,Technical Skills,Production,Fabrication,Manual Dexterity,Safety","high_openness,high_conscientiousness,low_neuroticism","production line,industrial,machinist,quality control,manufacturing,production,factory,manufacturing,cnc","Develops and implements solutions in factory work, production operations, quality control, and manufacturing trades while maintaining high standards of professional excellence."
Master Factory,manufacturing_production,"Assembly,Machinist,Industrial,Production,Manual Dexterity,Safety,Problem Solving","high_conscientiousness,low_neuroticism,moderate_openness","manufacturing,quality control,assembly,production line,factory,manufacturing,operator,cnc,production","Develops and implements solutions in factory work, production operations, quality control, and manufacturing trades while maintaining high standards of professional excellence."
Assembly Installer,manufacturing_production,"Machinist,Manual Dexterity,Cnc,Production,Industrial,Problem Solving,Factory","high_conscientiousness,low_neuroticism,moderate_openness","operator,machinist,fabrication,production,production line,industrial,quality control,manufacturing,assembly","Leads initiatives in factory work, production operations, quality control, and manufacturing trades ensuring best practices and continuous improvement in operations."
Licensed Quality Control,manufacturing_production,"Safety,Problem Solving,Machinist,Manufacturing,Production Line,Manual Dexterity,Manufacturing","high_conscientiousness,low_neuroticism,moderate_openness","production,manufacturing,industrial,cnc,fabrication,quality control,factory,production line,assembly","Provides expert-level support in factory work, production operations, quality control, and manufacturing trades combining technical skills with strong communication abilities."
Machinist Mechanic,manufacturing_production,"Cnc,Manufacturing,Problem Solving,Production Line,Technical Skills,Manufacturing,Industrial","high_conscientiousness,low_neuroticism,moderate_openness","production,quality control,factory,manufacturing,assembly,manufacturing,production line,machinist,industrial","Applies specialized knowledge in factory work, production operations, quality control, and manufacturing trades to solve complex problems and drive organizational success."
Cnc Operator,manufacturing_production,"Cnc,Production Line,Manufacturing,Machinist,Technical Skills,Operator,Safety","high_conscientiousness,low_neuroticism,moderate_openness","assembly,manufacturing,machinist,production line,quality control,manufacturing,industrial,fabrication,production","Delivers professional services in factory work, production operations, quality control, and manufacturing trades with emphasis on quality, efficiency, and client satisfaction."
Operator Supervisor,manufacturing_production,"Technical Skills,Machinist,Operator,Safety,Industrial,Problem Solving,Manual Dexterity","high_extraversion,high_conscientiousness,moderate_openness","fabrication,quality control,production,operator,factory,industrial,manufacturing,cnc,machinist","Works in factory work, production operations, quality control, and manufacturing trades field, providing expertise and professional services to clients and organizations."
Industrial Foreman,manufacturing_production,"Safety,Industrial,Assembly,Problem Solving,Operator,Cnc,Manual Dexterity","high_extraversion,high_conscientiousness,moderate_openness","cnc,quality control,machinist,production line,assembly,fabrication,factory,manufacturing,production","Specializes in factory work, production operations, quality control, and manufacturing trades with focus on delivering high-quality results and innovative solutions."
Journey-level Fabrication,manufacturing_production,"Manufacturing,Production Line,Fabrication,Safety,Production,Quality Control,Problem Solving","high_conscientiousness,low_neuroticism,moderate_openness","quality control,assembly,production,cnc,machinist,industrial,operator,fabrication,production line","Delivers professional services in factory work, production operations, quality control, and manufacturing trades with emphasis on quality, efficiency, and client satisfaction."
Production Line Technician,manufacturing_production,"Operator,Industrial,Manual Dexterity,Quality Control,Fabrication,Safety,Problem Solving","high_conscientiousness,low_neuroticism,moderate_openness","manufacturing,machinist,operator,production,fabrication,factory,industrial,cnc,quality control","Applies specialized knowledge in factory work, production operations, quality control, and manufacturing trades to solve complex problems and drive organizational success."
Manufacturing Specialist,manufacturing_production,"Production,Cnc,Manual Dexterity,Industrial,Safety,Technical Skills,Production Line","high_openness,high_conscientiousness,low_neuroticism","operator,manufacturing,manufacturing,quality control,production line,factory,assembly,industrial,cnc","Works in factory work, production operations, quality control, and manufacturing trades field, providing expertise and professional services to clients and organizations."
Master Machinist,manufacturing_production,"Quality Control,Assembly,Safety,Problem Solving,Production Line,Technical Skills,Cnc","high_conscientiousness,low_neuroticism,moderate_openness","factory,production line,industrial,operator,manufacturing,quality control,machinist,fabrication,cnc","Works in factory work, production operations, quality control, and manufacturing trades field, providing expertise and professional services to clients and organizations."
Production Installer,manufacturing_production,"Factory,Safety,Manual Dexterity,Production Line,Assembly,Problem Solving,Quality Control","high_conscientiousness,low_neuroticism,moderate_openness","factory,quality control,manufacturing,assembly,operator,cnc,industrial,manufacturing,machinist","Provides expert-level support in factory work, production operations, quality control, and manufacturing trades combining technical skills with strong communication abilities."
Licensed Industrial,manufacturing_production,"Manual Dexterity,Technical Skills,Problem Solving,Manufacturing,Manufacturing,Safety,Production","high_conscientiousness,low_neuroticism,moderate_openness","assembly,production line,factory,machinist,production,manufacturing,operator,fabrication,industrial","Works in factory work, production operations, quality control, and manufacturing trades field, providing expertise and professional services to clients and organizations."
Agriculture Technician,agriculture_farming,"Farm Management,Agricultural,Problem Solving,Safety,Soil,Cultivation,Agribusiness","high_conscientiousness,low_neuroticism,moderate_openness","livestock,ranching,cultivation,agriculture,agricultural,harvest,soil,crops,horticulture","Delivers professional services in farming, agriculture, horticulture, livestock, and agribusiness with emphasis on quality, efficiency, and client satisfaction."
Farming Specialist,agriculture_farming,"Technical Skills,Safety,Soil,Ranching,Cultivation,Farm Management,Manual Dexterity","high_openness,high_conscientiousness,low_neuroticism","agriculture,soil,cultivation,agricultural,agribusiness,crops,horticulture,ranching,livestock","Leads initiatives in farming, agriculture, horticulture, livestock, and agribusiness ensuring best practices and continuous improvement in operations."
Master Crops,agriculture_farming,"Technical Skills,Soil,Safety,Manual Dexterity,Ranching,Problem Solving,Harvest","high_conscientiousness,low_neuroticism,moderate_openness","agriculture,farming,farm management,crops,agribusiness,horticulture,livestock,agricultural,ranching","Develops and implements solutions in farming, agriculture, horticulture, livestock, and agribusiness while maintaining high standards of professional excellence."
Livestock Installer,agriculture_farming,"Agribusiness,Safety,Crops,Soil,Problem Solving,Manual Dexterity,Cultivation","high_conscientiousness,low_neuroticism,moderate_openness","agricultural,agribusiness,agriculture,soil,farm management,harvest,cultivation,crops,livestock","Delivers professional services in farming, agriculture, horticulture, livestock, and agribusiness with emphasis on quality, efficiency, and client satisfaction."
Licensed Horticulture,agriculture_farming,"Crops,Harvest,Problem Solving,Safety,Technical Skills,Manual Dexterity,Agriculture","high_conscientiousness,low_neuroticism,moderate_openness","harvest,horticulture,livestock,agriculture,farming,ranching,farm management,soil,crops","Works in farming, agriculture, horticulture, livestock, and agribusiness field, providing expertise and professional services to clients and organizations."
Agribusiness Mechanic,agriculture_farming,"Horticulture,Safety,Technical Skills,Problem Solving,Ranching,Cultivation,Harvest","high_conscientiousness,low_neuroticism,moderate_openness","agricultural,soil,horticulture,ranching,livestock,farm management,cultivation,harvest,crops","Applies specialized knowledge in farming, agriculture, horticulture, livestock, and agribusiness to solve complex problems and drive organizational success."
Farm Management Operator,agriculture_farming,"Farming,Farm Management,Manual Dexterity,Problem Solving,Horticulture,Crops,Safety","high_conscientiousness,low_neuroticism,moderate_openness","harvest,crops,ranching,farm management,cultivation,agricultural,agriculture,farming,soil","Delivers professional services in farming, agriculture, horticulture, livestock, and agribusiness with emphasis on quality, efficiency, and client satisfaction."
Agricultural Supervisor,agriculture_farming,"Harvest,Livestock,Safety,Manual Dexterity,Horticulture,Problem Solving,Agriculture","high_extraversion,high_conscientiousness,moderate_openness","agricultural,horticulture,agriculture,cultivation,livestock,ranching,agribusiness,harvest,crops","Leads initiatives in farming, agriculture, horticulture, livestock, and agribusiness ensuring best practices and continuous improvement in operations."
Ranching Foreman,agriculture_farming,"Agribusiness,Manual Dexterity,Problem Solving,Soil,Crops,Ranching,Technical Skills","high_extraversion,high_conscientiousness,moderate_openness","livestock,agribusiness,agricultural,cultivation,crops,farming,ranching,farm management,agriculture","Develops and implements solutions in farming, agriculture, horticulture, livestock, and agribusiness while maintaining high standards of professional excellence."
Journey-level Harvest,agriculture_farming,"Safety,Problem Solving,Manual Dexterity,Cultivation,Agriculture,Technical Skills,Ranching","high_conscientiousness,low_neuroticism,moderate_openness","agricultural,crops,livestock,agribusiness,farm management,soil,cultivation,harvest,farming","Applies specialized knowledge in farming, agriculture, horticulture, livestock, and agribusiness to solve complex problems and drive organizational success."
Soil Technician,agriculture_farming,"Technical Skills,Safety,Cultivation,Harvest,Ranching,Agribusiness,Problem Solving","high_conscientiousness,low_neuroticism,moderate_openness","harvest,livestock,agricultural,agribusiness,agriculture,farm management,soil,crops,cultivation","Provides expert-level support in farming, agriculture, horticulture, livestock, and agribusiness combining technical skills with strong communication abilities."
Cultivation Specialist,agriculture_farming,"Problem Solving,Technical Skills,Agricultural,Safety,Livestock,Farm Management,Manual Dexterity","high_openness,high_conscientiousness,low_neuroticism","ranching,soil,farm management,agribusiness,harvest,horticulture,crops,agricultural,agriculture","Delivers professional services in farming, agriculture, horticulture, livestock, and agribusiness with emphasis on quality, efficiency, and client satisfaction."
